:0200000480007A
:2000000000000000700059B30000000000000000000000000000000064B81E799B47E18668
:20002000910000F8D9FF3225DC0F0090000600F000B403F00100000000000000000600F0F9
:2000400000B503F00300000001000000000600F000B403F00000000090000000000600F0D1
:2000600000B403F00100000090000000000600F000B503F00200000090000000000600F022
:2000800000B503F00300000090000000000700F000B503F00100000000000000000700F08E
:2000A00000B503F00500000001000000000700F000C003F00900000002000000000700F0E6
:2000C00000B103F00A00000004000000000700F000D303F00D00000005000000000700F0A8
:2000E00000A203F00300000006000000000700F000A203F00200000090000000000700F04D
:2001000000B103F00C00000090000000000700F000B503F00000000090000000000700F079
:2001200000B503F00100000090000000000700F000B503F00400000090000000000700F05C
:2001400000B503F00500000090000000000700F000C003F00A00000090000000000700F027
:2001600000D303F00C00000090000000000700F000D303F00D00000090000000000800F0CB
:2001800000B403F00300000000000000000800F000A203F00100000001000000000800F02E
:2001A00000B003F00600000003000000000800F000D303F00800000004000000000800F0D1
:2001C00000A203F00000000006000000000800F000A203F00000000090000000000800F06F
:2001E00000B003F00500000090000000000800F000B403F00200000090000000000800F09E
:2002000000B403F00300000090000000000800F000D303F00800000090000000000800F056
:2002200000D303F00900000090000000000900F000B503F00700000000000000000900F0BE
:2002400000C003F00300000002000000000900F000A003F00100000004000000000900F05C
:2002600000C103F00600000005000000000900F000A003F00000000098000000000900F0A2
:2002800000A003F00100000090000000000900F000B503F00600000090000000000900F00A
:2002A00000B503F00700000090000000000900F000C003F00000000090000000000900F0CA
:2002C00000C003F00300000090000000000900F000C103F00700000090000000000600F09E
:2002E00000000000000700F001000000000800F002000000000900F0030000000050C348B5
:20030000640000000050C348640000001400000000000000000000000100000000000000A5
:200320000000000000000000000000000000000000000000000001010700000000000901AA
:20034000000000000602000000000A03000000000000000000000000010100000000000086
:20036000002A00F000000000002B00F001000000000081F800000000000083F80100000052
:2003800000000000000000000000000000000000000000000000000000000000000000005D
:2003A0000000010000010F00010F000000000000000000000000000000000200000000001A
:2003C00000A203F00000000088000000000002003000000000C203F0010000008800000090
:2003E000000002003500000000C103F00200000088000000000002005500000000B403F08A
:200400000500000088000000000002000800000000A203F00800000088000000000002001E
:200420000900000000A003F00000000088000000000103006700000000B003F00100000089
:2004400088000000000102000A00000000A003F00100000088000000000102000B000000DD
:2004600000A003F00200000088000000000102000100000000A203F001000000880000003D
:20048000000102001F00000000D303F00900000088000000000102002F00000000C203F0FC
:2004A0000000000088000000000102003600000000C103F003000000880000000001020039
:2004C0005400000000B403F00400000088000000000203006800000000B003F00200000083
:2004E00088000000000203006B00000000B003F00500000088000000000202000C000000C4
:2005000000A003F00300000088000000000202000200000000A203F0020000008800000098
:20052000000202002100000000D303F00B00000088000000000202003700000000C103F04E
:200540000400000088000000000202005300000000B403F003000000880000000003030080
:200560006900000000B003F00300000088000000000303006C00000000B003F006000000C9
:2005800088000000000302000D00000000A003F0040000008800000000030200030000009A
:2005A00000A203F00300000088000000000302003100000000C203F00200000088000000A6
:2005C000000302003800000000C103F00500000088000000000302005200000000B403F09F
:2005E0000200000088000000000402000E00000000A003F005000000880000000004020037
:200600000400000000A203F00400000088000000000402003200000000C203F003000000C5
:2006200088000000000402003900000000C103F00600000088000000000402003D0000006E
:2006400000C003F00300000088000000000402005100000000B403F00100000088000000D5
:20066000000502000F00000000A003F00600000088000000000502002800000000D203F04F
:200680000400000088000000000502003A00000000C103F007000000880000000005020043
:2006A0000500000000A203F00500000088000000000602001000000000A003F00700000061
:2006C00088000000000602002A00000000C303F00100000088000000000602003B000000DE
:2006E00000C003F00000000088000000000602000600000000A203F006000000880000008E
:20070000000702001100000000A003F00800000088000000000702004000000000C003F0A0
:200720000800000088000000000702000700000000A203F0070000008800000001000300F1
:200740000000000000A203F00000000088000000010003003000000000C203F00100000092
:2007600088000000010003003500000000C103F00200000088000000010002004400000033
:2007800000C003F00C00000088000000010002004C00000000B503F005000000880000008E
:2007A000010002004D00000000B503F00600000088000000010003000800000000A203F012
:2007C0000800000088000000010003000900000000A003F00000000088000000010102005D
:2007E0006700000000B003F00100000088000000010103000A00000000A003F001000000C3
:2008000088000000010103000B00000000A003F0020000008800000001010300010000001D
:2008200000A203F00100000088000000010103001F00000000D303F009000000880000001F
:20084000010103002F00000000C203F00000000088000000010103003600000000C103F038
:200860000300000088000000010102004500000000C003F00D000000880000000101020058
:200880004E00000000B503F00700000088000000010102004F00000000B503F008000000D0
:2008A00088000000010102005600000000B403F006000000880000000102020068000000B4
:2008C00000B003F00200000088000000010202006B00000000B003F005000000880000004B
:2008E000010203000C00000000A003F00300000088000000010203000200000000A203F02B
:200900000200000088000000010203002100000000D303F00B0000008800000001020300C7
:200920003700000000C103F00400000088000000010202004600000000C003F00E00000034
:2009400088000000010202005000000000B403F0000000008800000001030200690000001C
:2009600000B003F00300000088000000010302006C00000000B003F00600000088000000A6
:20098000010303000D00000000A003F00400000088000000010303000300000000A203F085
:2009A0000300000088000000010303003100000000C203F00200000088000000010303002E
:2009C0003800000000C103F00500000088000000010302004700000000B503F000000000A9
:2009E00088000000010403000E00000000A003F0050000008800000001040300040000002D
:200A000000A203F00400000088000000010403003200000000C203F003000000880000003B
:200A2000010403003900000000C103F00600000088000000010403003D00000000C003F03B
:200A40000300000088000000010402004800000000B503F001000000880000000105030082
:200A60000F00000000A003F00600000088000000010503002800000000D203F0040000004C
:200A800088000000010503003A00000000C103F0070000008800000001050300050000003A
:200AA00000A203F00500000088000000010502004100000000C003F0090000008800000087
:200AC000010502004900000000B503F00200000088000000010603001000000000A003F0E6
:200AE0000700000088000000010603002A00000000C303F0010000008800000001060300EA
:200B00003B00000000C003F00000000088000000010602004200000000C003F00A00000057
:200B200088000000010603000600000000A203F00600000088000000010602004A000000A7
:200B400000B503F00300000088000000010703001100000000A003F0080000008800000023
:200B6000010702004300000000C003F00B00000088000000010702004B00000000B503F0E5
:200B80000400000088000000010703000700000000A203F00700000088000000020002008F
:200BA0001200000000A003F00900000088000000020002001A00000000D303F00400000017
:200BC00088000000020002002000000000D303F00A000000880000000200030044000000C8
:200BE00000C003F00C00000088000000020002005E00000000B303F003000000880000001B
:200C0000020102001B00000000D303F00500000088000000020103004500000000C003F063
:200C20000D00000088000000020102005F00000000B103F002000000880000000202020087
:200C40001C00000000D303F00600000088000000020203004600000000C003F00E00000016
:200C600088000000020202006000000000B103F0030000008800000002030200150000003B
:200C800000A003F00C00000088000000020302001D00000000D303F00700000088000000B4
:200CA000020303004700000000B503F00000000088000000020302006100000000B103F0A9
:200CC0000600000088000000020402001E00000000D303F008000000880000000204020002
:200CE0002200000000D303F00C00000088000000020403004800000000B503F0010000007E
:200D000088000000020402006200000000B103F00900000088000000020502002300000080
:200D200000D303F00D00000088000000020503004100000000C003F00900000088000000C9
:200D4000020503004900000000B503F00200000088000000020502005B00000000B303F004
:200D60000000000088000000020502006300000000B103F00A00000088000000020602003F
:200D80006400000000B103F00B00000088000000020602002400000000D203F000000000C5
:200DA00088000000020602003E00000000C003F006000000880000000206030042000000D5
:200DC00000C003F00A00000088000000020603004A00000000B503F0030000008800000046
:200DE000020602005C00000000B303F00100000088000000020702006500000000B103F04A
:200E00000C00000088000000020702003F00000000C003F0070000008800000002070300A6
:200E20004000000000C003F00800000088000000020703004300000000C003F00B00000022
:200E400088000000020703004B00000000B503F00400000088000000020702005D00000017
:200E600000B303F00200000088000000030003001200000000A003F0090000008800000006
:200E8000030003001A00000000D303F00400000088000000030003002000000000D303F0F4
:200EA0000A00000088000000030003004C00000000B503F005000000880000000300030013
:200EC0004D00000000B503F00600000088000000030003005500000000B403F00500000088
:200EE00088000000030003005E00000000B303F00300000088000000030103001B000000B3
:200F000000D303F00500000088000000030103004E00000000B503F00700000088000000F2
:200F2000030103004F00000000B503F00800000088000000030103005400000000B403F021
:200F40000400000088000000030103005600000000B403F00600000088000000030103006C
:200F60005F00000000B103F00200000088000000030203001C00000000D303F006000000F4
:200F800088000000030203005000000000B403F000000000880000000302030053000000E7
:200FA00000B403F00300000088000000030203006000000000B103F0030000008800000068
:200FC000030303001500000000A003F00C00000088000000030303001D00000000D303F0E0
:200FE0000700000088000000030303005200000000B403F0020000008800000003030300CD
:201000006100000000B103F00600000088000000030403001E00000000D303F00800000047
:2010200088000000030403002200000000D303F00C00000088000000030403005100000047
:2010400000B403F00100000088000000030403006200000000B103F00900000088000000BF
:20106000030503002300000000D303F00D00000088000000030503005B00000000B303F0DB
:201080000000000088000000030503006300000000B103F00A000000880000000306030018
:2010A0006400000000B103F00B00000088000000030603002400000000D203F000000000A0
:2010C00088000000030603003E00000000C003F00600000088000000030603005C00000095
:2010E00000B303F00100000088000000030703006500000000B103F00C0000008800000017
:20110000030703003F00000000C003F00700000088000000030703005D00000000B303F031
:201120000200000088000000001C00F000C003F00C00000000000000001C00F000C003F09B
:201140000C000000A0000000001C00F000C003F00E00000098000000001C00F000C003F0BF
:201160000B00000098000000001C00F000C003F00D000000A8000000001C00F0000000004C
:2011800000C003F00800000098000000001C00F00D00000000B503F00000000098000000A3
:2011A000001C00F00100000000C003F00900000098000000001C00F00200000000C003F00D
:2011C0000D00000098000000001C00F00300000000B103F00A00000098000000001C00F009
:2011E0000400000000B103F00B00000098000000001C00F00500000000B103F002000000ED
:2012000098000000001C00F00600000000C003F00A00000098000000001C00F007000000BC
:2012200000D303F00500000090000000001C00F00800000000C003F00600000098000000EE
:20124000001C00F00900000000C003F00300000098000000001D00F000B003F0010000007A
:2012600000000000001D00F000B103F00300000001000000001D00F000B003F00100000008
:2012800090000000001D00F000B003F00300000098000000001D00F000B103F009000000B9
:2012A00098000000001D00F000B003F00200000098000000001D00F000B103F00600000095
:2012C00098000000001D00F00000000000C003F008000000A0000000001D00F00100000000
:2012E00000C003F009000000A0000000001D00F00200000000C003F00D000000A000000023
:20130000001D00F00300000000B103F00A000000A0000000001D00F00400000000B103F0BA
:201320000B000000A0000000001D00F00500000000B103F002000000A0000000001D00F09D
:201340000600000000D303F00A00000090000000001D00F00700000000D303F00500000048
:2013600098000000001D00F00800000000B003F00400000098000000001D00F0090000006B
:2013800000B003F005000000A0000000001E00F000B503F00400000000000000001E00F03D
:2013A00000B503F00700000001000000001E00F000C103F00200000002000000001E00F0A9
:2013C00000C103F00300000002000000001E00F000B503F00200000004000000001E00F08A
:2013E00000B303F00300000098000000001E00F000B503F00500000098000000001E00F04B
:2014000000B503F00600000098000000001E00F000B303F00000000098000000001E00F02C
:2014200000B303F00100000098000000001E00F000B503F00300000098000000001E00F00E
:2014400000B503F006000000A8000000001E00F000B503F00800000098000000001E00F0D2
:201460000000000000B503F00200000098000000001E00F00100000000B403F00200000072
:2014800098000000001E00F00200000000B403F00600000098000000001E00F0030000004E
:2014A00000B403F00300000098000000001E00F00500000000B503F0010000009800000096
:2014C000001E00F00600000000D303F00D000000A0000000001E00F00700000000C003F0BD
:2014E0000A000000A0000000001E00F00800000000C003F006000000A0000000001E00F0C5
:201500000900000000C003F003000000A0000000001F00F000A203F00500000000000000C3
:20152000001F00F000D303F00D00000003000000001F00F000C203F00100000004000000FD
:20154000001F00F000C103F00200000005000000001F00F000C103F00300000005000000F6
:20156000001F00F000C203F003000000A0000000001F00F000A203F00600000098000000C2
:20158000001F00F000B003F00600000098000000001F00F000C203F000000000980000009F
:2015A000001F00F000D303F00C00000098000000001F00F000C203F000000000A00000004E
:2015C000001F00F000C203F001000000A0000000001F00F000A203F0070000009800000063
:2015E000001F00F000C203F00300000098000000001F00F000D303F00B0000009800000014
:20160000001F00F00000000000A203F00400000098000000001F00F00B00000000D303F0AA
:201620000A00000098000000001F00F00C00000000C203F00200000098000000001F00F08F
:201640000D00000000C303F00100000098000000001F00F00100000000A203F00000000089
:2016600098000000001F00F00100000000D303F00900000098000000001F00F0020000004A
:2016800000A203F00100000098000000001F00F00200000000D303F00800000098000000A5
:2016A000001F00F00300000000A203F00200000098000000001F00F00400000000A203F041
:2016C0000300000098000000001F00F00500000000A203F00800000090000000001F00F01F
:2016E0000600000000A003F00800000090000000001F00F00700000000A003F00900000007
:2017000090000000001F00F00700000000D303F00700000098000000001F00F008000000A7
:2017200000B003F00500000098000000001C00F000000000001D00F001000000001E00F041
:2017400002000000001F00F003000000040017B7D138000000000000030017B7D1380000C0
:2017600000000000020017B7D138000000000000030000004C170080013B050017B7513911
:2017800012011202FF0F3F0312221402FFFFFF0F020000000F000000010000000F0000005B
:2017A000000000003F000000000000003F000000D5140000FF7F0000002D3101000000F0F5
:2017C00000000000000100F00100000080000500D417008030FBC83A000000003C7FC83A3D
:2017E0009DE6F738A287C73AE9C91A3AFA14C63A1464D83A2828C43A8366673B5CC2C13A7D
:201800000E9BD33B12E5BE3A868C2E3C0C92BB3A8FD0853C59CBB73AC73BC23C4C93B33A12
:201820005B16073D7FECAE3A5C9A353DD0D9A93ADA676D3D625EA43A8598973D947D9E3A49
:20184000BDCDBD3D083B983A939FE93D999A913A69A90D3E5EA08A3A5592293EA450833A7B
:201860002AA5483EDD5F773A5CF86A3EE185673A094F883E1C1D573A00D29C3EAC2F463A34
:20188000A209B33E03C8343A2BF8CA3EDBF0223A759DE43E36B5103AECF6FF3EA440FC3980
:2018A000C87F0E3F4A7BD639F5D71D3FA931B03905FF2D3F5E7B8939C5EE3E3F93E04439AA
:2018C000CB9F503FFDA1EC387109633FC8E11D38E321763FC8E11DB80EEF843FFDA1ECB8FA
:2018E000F8188F3F93E044B90A88993F5E7B89B91235A43FA931B0B95718AF3F4A7BD6B9F7
:201900009F29BA3FA440FCB93660C53F36B510BAF1B2D03FDBF022BA3818DC3F03C834BAA1
:201920000E86E73FAC2F46BA15F2F23F1C1D57BA9C51FE3FE18567BAD2CC0440DD5F77BA90
:20194000745F0A40A45083BAF7DA0F405EA08ABA83391540999A91BA30751A40083B98BAB4
:2019600004881F40947D9EBA026C2440625EA4BA261B2940D0D9A9BA708F2D407FECAEBA2E
:20198000E8C231404C93B3BAA5AF354059CBB7BAD04F39400C92BBBAAD9D3C4012E5BEBAA2
:2019A0009E933F405CC2C1BA2A2C42402828C4BA01624440FA14C6BA06304640A287C7BA5D
:2019C0004F9147403C7FC8BA2C81484030FBC8BA30FB484030FBC8BA30FB48403C7FC8BA31
:2019E0004C7D4840A287C7BAF57D4740FA14C6BAEDF945402828C4BA4EEE43405CC2C1BAD4
:201A00008F58414012E5BEBA85363E400C92BBBA6B863A4059CBB7BAE14636404C93B3BABA
:201A2000F27631407FECAEBA15162C40D0D9A9BA31242640625EA4BA9DA11F40947D9EBA78
:201A4000268F1840083B98BA0BEE1040999A91BA02C008405EA08ABA39070040A45083BA20
:201A6000A38CED3FDD5F77BAD100DA3FE18567BA1F72C53F1C1D57BA9CE8AF3FAC2F46BA01
:201A8000446D993F03C834BAF809823FDBF022BAFC92533F36B510BAF56E213FA440FCB96A
:201AA000B781DB3E4A7BD6B9538D623EA931B0B909A90C3C5E7B89B99DCD55BE93E044B9BC
:201AC000025FDCBEFDA1ECB8F2E027BFC8E11DB8AA6562BFC8E11D382BCD8EBFFDA1EC385E
:201AE00038ADACBF93E044392FC0CABF5E7B8939C1F2E8BFA931B039969803C04A7BD639B1
:201B0000A2B312C0A440FC3944C021C036B5103A13B430C0DBF0223A8A843FC003C8343A47
:201B200008274EC0AC2F463AE1905CC01C1D573A5CB76AC0E185673AC28F78C0DD5F773AFC
:201B4000B10783C0A450833ACE9589C05EA08A3AF1EC8FC0999A913AE40796C0083B983AEB
:201B600086E19BC0947D9E3ACB74A1C0625EA43AC4BCA6C0D0D9A93AA0B4ABC07FECAE3AF8
:201B8000B357B0C04C93B33A78A1B4C059CBB73A958DB8C00C92BB3ADD17BCC012E5BE3AD1
:201BA000583CBFC05CC2C13A43F7C1C02828C43A1545C4C0FA14C63A8022C6C0A287C73AB2
:201BC000788CC7C03C7FC83A3480C8C030FBC83A30FBC8C02801018034010180400101807F
:201BE0004C0101805801018064010180700101807C0101808801018094010180A001018025
:201C0000AC010180B8010180C4010180D0010180DC010180E8010180F40101800002018003
:201C20000C0201801802018024020180300201803C020180480201805402018060020180DC
:201C40006C0201807802018084020180900201809C020180A8020180B4020180C0020180BC
:201C6000CC020180D8020180E4020180F0020180FC02018008030180140301802003018099
:201C80002C0301803803018044030180500301805C03018068030180740301808003018074
:201CA0008C03018098030180A4030180B0030180BC030180C8030180D4030180E003018054
:201CC000EC030180F803018004040180100401801C0401802804018034040180400401802E
:201CE0004C0401805804018064040180700401807C0401808804018094040180A00401800C
:201D0000AC040180B8040180C4040180D0040180DC040180E8040180F404018000050180EA
:201D20000C0501801805018024050180300501803C050180480501805405018060050180C3
:201D40006C0501807805018084050180900501809C050180A8050180B4050180C0050180A3
:201D6000CC050180D8050180E4050180F0050180FC05018008060180140601802006018080
:201D80002C0601803806018044060180500601805C0601806806018074060180800601805B
:201DA0008C06018098060180A4060180B0060180BC060180C8060180D4060180E00601803B
:201DC000EC060180F806018004070180100701801C07018028070180340701804007018015
:201DE0004C0701805807018064070180700701807C0701808807018094070180A0070180F3
:201E0000AC070180B8070180C4070180D0070180DC070180E8070180F407018000080180D1
:201E20000C08018018080180220801802C08018036080180400801804A08018054080180D4
:201E40005E08018068080180720801807C08018086080180900801809A080180A408018032
:201E6000AE080180B8080180C2080180CC080180D6080180E0080180EA080180F408018092
:201E8000FE08018000000000000000000000000000000000000000000000000000100000AB
:201EA000803F0000000000000000000000000000000000000000000000000000803F0000A4
:201EC000000000000000000000000000000000000000000000000000803F00000000000043
:201EE0000000000000000000000000000000000000000000803F0000000000000000000023
:201F000000000000000000000000000000000000803F000000000000000000000000000002
:201F2000000000000000000000000000803F4E414E006E616E00494E4600696E66000002AC
:201F4000020202020202020203010101010202020202020202020202020202020202020442
:201F60004040404040404040404040404040402020202020202020202040404040404040A1
:201F80008888888888880808080808080808080808080808080808080808404040404040F1
:201FA00090909090909010101010101010101010101010101010101010104040404002007F
:201FC000000000000000000000000000000000000000000000000000000000000000000001
:201FE0000000000000000000000000000000000000000000000000000000000000000000E1
:202000000000000000000000000000000000000000000000000000000000000000000000C0
:20202000000000000000000000000000000000000000000000000000000000000000002F71
:2020400000583A00593A0020202020005069743A005370643A005372763A004155544F2045
:20206000004D444247340052433A4F46460052433A4F4E20004E41563A4F4646004E4156FD
:202080003A4F4E20004D54523A4F4646004D54523A4F4E200053544154453A535450005352
:2020A000544154453A52554E004D4F44453A46415354004D4F44453A534C4F57004D4F44B2
:2020C000453A4558414D3200252E32662C252E32662C252E33662C252E32662C252E3266DC
:2020E0002C252E33660A0066696C653A2025730066696C653A206D646B2F2573006C696EEC
:20210000653A202564000D0A66696C65202573206C696E652025643A2025732E0D0A000D53
:202120000A66696C65202573206C696E652025642E0D0A00417373657274206572726F72CB
:20214000004C6F67206D657373616765002E2E2F6C69627261726965732F7A665F636F6D63
:202160006D6F6E2F7A665F636F6D6D6F6E5F6669666F2E63000000000000000000002F005B
:202180000000000700070000147F147F1400242A7F2A1200626408132300364955225000A4
:2021A000000503000000001C224100000041221C000014083E08140008083E080800000045
:2021C000A06000000808080808000060600000402010080402003E5149453E0000427F403D
:2021E00000004261514946002141454B31001814127F10002745454539003C4A49493000F5
:20220000017109050300364949493600064949291E00003636000000005636000000081401
:2022200022410000141414141400004122140800020151090600324959513E007C121112E1
:202240007C007F49494936003E41414122007F4141221C007F49494941007F0909090100DA
:202260003E4149497A007F0808087F0000417F4100002040413F01007F08142241007F401E
:20228000404040007F020C027F007F0408107F003E4141413E007F09090906003E41512186
:2022A0005E007F091929460046494949310001017F0101003F4040403F001F2040201F00DF
:2022C0003F4038403F00631408146300070870080700615149454300007F414100020408B2
:2022E000102040000041417F000004020102040040404040400000010204000020545454FD
:2023000078007F4844443800384444442000384444487F00385454541800087E0901020035
:2023200018A4A4A47C007F080404780000447D4000004080847D00007F1028440000004118
:202340007F4000007C04180478007C0804047800384444443800FC24242418001824241872
:20236000FC007C0804040800485454542000043F444020003C4040207C001C2040201C0072
:202380003C4030403C004428102844001CA0A0A07C004464544C44141414141414000000B1
:2023A00000000000000000000000000000000000F800000000000000333000000000100CA6
:2023C00006100C0600000000000000000040C07840C0784000043F04043F0404000070881B
:2023E000FC08300000001820FF211E0000F008F000E018000000211C031E211E0000F008BE
:2024000088700000001E2123241927211010160E0000000000000000000000000000000099
:20242000E018040200000000071820400000020418E00000000040201807000000404080A2
:20244000F0804040000202010F01020200000000F0000000000101011F010101000000005E
:20246000000000000080B070000000000000000000000000000001010101010101000000B5
:20248000000000000000303000000000000000000080601804006018060100000000E01071
:2024A000080810E000000F102020100F00001010F8000000000020203F202000000070084F
:2024C0000808887000003028242221300000300888884830000018202020110E000000C0EE
:2024E0002010F8000000070424243F240000F80888880808000019212020110E0000E01055
:202500008888180000000F112020110E0000380808C83808000000003F000000000070888D
:202520000808887000001C222121221C0000E010080810E0000000312222110F0000000050
:20254000C0C0000000000000303000000000000080000000000000806000000000000080BB
:202560004020100800000102040810200040404040404040000404040404040400000810B0
:2025800020408000000020100804020100007048080808F0000000003036010000C030C83D
:2025A00028E810E0000718272423140B000000C038E0000000203C23020227382008F8880D
:2025C0008888700000203F202020110E00C030080808083800071820202010080008F808B6
:2025E000080810E000203F202020100F0008F88888E8081000203F20202320180008F8886B
:2026000088E8081000203F200003000000C03008080838000007182020221E020008F808C7
:20262000000008F808203F210101213F20000808F8080800000020203F20200000000008B1
:2026400008F8080800C08080807F00000008F888C028180800203F20012638200008F80815
:202660000000000000203F20202020300008F8F800F8F80800203F003F003F200008F8302E
:20268000C00008F808203F200007183F00E01008080810E0000F10202020100F0008F808F7
:2026A000080808F000203F210101010000E01008080810E0000F18242438504F0008F888C9
:2026C0008888887000203F2000030C302000708808080838000038202121221C00180808CC
:2026E000F8080818000000203F2000000008F808000008F808001F202020201F0008788865
:202700000000C83808000007380E010000F80800F80008F800033C0700073C030008186857
:20272000808068180820302C03032C30200838C800C83808000000203F2000000010080864
:2027400008C83808002038262120201800000000FE020202000000007F40404000000C30F3
:20276000C000000000000000010638C00000020202FE000000004040407F00000000000453
:2027800002020204000000000000000000000000000000000080808080808080800002022B
:2027A0000400000000000000000000000000008080808000000019242222223F2008F80013
:2027C0008080000000003F112020110E000000008080800000000E1120202011000000003A
:2027E000808088F800000E112020103F200000808080800000001F222222221300008080D1
:20280000F0888888180020203F202000000000808080808000006B94949493600008F800BF
:202820008080800000203F210000203F2000809898000000000020203F20200000000000AA
:20284000809898000000C08080807F000008F8000080808000203F24022D30200000080877
:20286000F8000000000020203F202000008080808080808000203F20003F20003F80800004
:202880008080800000203F210000203F200000808080800000001F202020201F00808000FB
:2028A000808000000080FFA12020110E000000008080808000000E112020A0FF808080809B
:2028C000008080800020203F2120000100000080808080800000332424242419000080805B
:2028E000E0808000000000001F202000008080000000808000001F202020103F208080802B
:20290000000080808000010E300806010080800080008080800F300C030C300F0000808050
:2029200000808080000020312E0E312000808080000080808080818E70180601000080801B
:2029400080808080000021302C2221300000000000807C020200000000003F4040000000C8
:2029600000FF00000000000000FF0000000002027C800000000040403F0000000000060193
:20298000010202040400000000000000002E2E2F6C69627261726965732F7A665F636F6D35
:2029A0006D6F6E2F7A665F636F6D6D6F6E5F66756E6374696F6E2E6300494D5536363052A7
:2029C000422061636320616E64206779726F2073656C6620636865636B206572726F722EDA
:2029E000002E2E2F6C69627261726965732F7A665F6465766963652F7A665F646576696338
:202A0000655F696D7536363072622E6300494D5536363052425F4143435F53414D504C4544
:202A20005F44454641554C5420736574206572726F722E00494D5536363052425F475952E2
:202A40004F5F53414D504C455F44454641554C5420736574206572726F722E002E2E2F6CC7
:202A600069627261726965732F7A665F6465766963652F7A665F6465766963655F7466749C
:202A80003138302E63002E2E2F6C69627261726965732F7A665F6472697665722F7A665F5C
:202AA0006472697665725F70776D2E63002E2E2F6C69627261726965732F7A665F64726951
:202AC0007665722F7A665F6472697665725F7370692E63002E2E2F6C69627261726965732B
:1C2AE0002F7A665F6472697665722F7A665F6472697665725F756172742E63003A
:042B000000A03CFFF6
:122B080073646820737468A0036568CA0BC30030009045
:202B20000F05D011174580010B00D0010F00B02142218B0101110F2010006B0500200090A7
:202B40003256FF0626003B00FEFF3FF617000F6510308B0602601745802600903256FF0678
:202B600018003B00FEFF3FF60F000F6500308B060260174580260090A2F63705C13F0F6550
:202B800010200090A2F682030F6500200090DA207FF60700174580360F6400200090A2F6F1
:202BA00082020F6400300090820C822D3C130757FFCF8755BFDFCE57460546048B14804013
:202BC0008B05A050CE77460746068B1680608B07A07082028203820082013A260B2700F2E2
:202BE0006E023C4F0B6430F10B7500F20B75A0F26E04024002513C453A640B7500F26E03BD
:202C000082123C3F3B0004E00B6030F10B7100F20B71A0F2DE1087559FFF06116701801FF8
:202C20008B1FE0060248025906156745805F0614C2FE3CEB0284029506F067101F0006F118
:202C4000C21E82087AE86E1D87559FFF06116701801F8B1FE0060B60C0A00B71D0B007BB6C
:202C60009FFF06156745805F061406136723803F8B1FE0266E0302A002B1C2183FE8E67FB8
:202C800076C7460346028B1280208B03A030DF2D0B00071DE0FF76F7460146008B1080009C
:202CA0008B01A01000903B00034040F440C5007074DF3B00034040C4007061000E00370A2C
:202CC0006800DA0A4BF011020070610006003BE0024040C4007054DFC21F74DF00702008B3
:202CE000910000F6D9FF000091000026D9220000142FC21F34FF6D00155C910000C6D9CC92
:202D000094E0910000F6D9FF0C10D4F4910000F6D9FF9CA094FF4B0F4101910000F6D9FFD3
:202D2000A8A0481F4BF05100910000F6D9FF94E0483F6B0F31406D006F05BB40A3FF9BEF0B
:202D4000C8F34BF241F074CF910000C6D9CC94E091000026D9221010D42491000026D9221B
:202D6000A0A0942F4B0F4101910000F6D9FFA8A0481F4BF05100910000F6D9FF94E0484FB0
:202D80006B0F31406D004805BB40A3FF9BEFC8F34BF241F06CC1910000C6D9CC94E0910010
:202DA0000026D9221410D42491000026D922A4A0942F4B0F4101910000F6D9FFA8A0481F73
:202DC0004BF05100910000F6D9FF94E0485F6B0F31406D002105BB40A3FF9BEFC8F34BF250
:202DE00041F06CC26D00775B910000F6D9FF94E091000046D944040091000026D92290A088
:202E0000942F4B0F41F191000026D922A8A054204B0F51406D00870489F21A09910000F6ED
:202E2000D9FF94E091000026D92204004924180A91000026D92294A0942F4B0F41F191003B
:202E40000026D922A8A054204B0F51406D006B0489F21E09910000F6D9FF94E091000026A2
:202E6000D92204004924300A91000026D92298A0942F4B0F41F191000026D922A8A0542005
:202E80004B0F51406D004F0489F22209910000F6D9FF94E0482FB70F81FF3BF026019B3034
:202EA000C0034B0F01F016038B0F20F26E07910000F6D9FF94E0DA006CF2910000F6D9FF60
:202EC000000014FF82504B0F0102DF012D80910000F6D9FF94E009FF1E0974AF910000F677
:202EE000D9FF94E009FF22097801910000F6D9FF94E054F4910000F6D9FF94E048159100FE
:202F000000F6D9FF94E04826910000F6D9FF94E009F71A096D008038910000F6D9FF000087
:202F2000DA0034FF009020086D00235B6D001A006D001102BBA070FD9B3FBAF374AF7B00ED
:202F400012443BF026519B35A0533B0040629B469764BB905C7E9BF7F7736D00FC350090AE
:202F60002078910000F6D9FF94E0DA0089FF18081D00ED01910000F8D9FFC4A149FF000A41
:202F800049A2000AA05444FF642FFC4E910000F8D9FFC4A149FF000A49A2180AA05444FFCC
:202FA000642FFC4E82081D0091006D00BB5A6D00925A910000F6D9FF9CA094FF4B0F410157
:202FC000910000F6D9FFA8A0481F4BF05110910000F6D9FFA0A094FF4B0F4101910000F6F2
:202FE000D9FFA8A0481F4BF05120910000F6D9FFA4A094FF4B0F4101910000F6D9FFA8A025
:20300000481F4BF05130910000F6D9FF90A094FF4B0F41F1910000F6D9FFA8A054F04B0F9A
:203020005140910000F6D9FF94A094FF4B0F41F1910000F6D9FFA8A054F04B0F51509100D6
:2030400000F6D9FF98A094FF4B0F41F1910000F6D9FFA8A054F04B0F510054AF6B0121FF26
:2030600074AF58016B0221FF780158026B0321FF780258036B0421FF780358046B0521FF1B
:20308000780458056B0021FF780558066B1161FF780658076B2261FF780758086B3361FF6E
:2030A000780858096B4461FF7809580A6B5561FF780A580B6B0061FF780B3BA00F406D0053
:2030C0004466C21837087080910000F8D9FFDCA109FFC0083FF86BFF910000F8D9FFC4A128
:2030E00049FF000A49A2300AA05444FF642FFC4E910000F8D9FFC4A149FF000A49A2081A20
:20310000A05444FF642FFC4E910000F8D9FFC4A149FF000A49A2201AA05444FF642FFC4E4A
:2031200082013C3B534120F010AF534120F010A2542F91000028D922DCA10920C0084B00EC
:2031400061014B0F51F06CFC534120F010A2534120F010AF486F910000F8D9FFDCA109F0C3
:20316000C0084B0061014B0F51F0892F0819534120F010A2534120F010AF09F008195341FF
:2031800020F010AF48C2534120F010AF48CF6BF271F0892F2019C211BF61C6FF5818BBD07A
:2031A000CC0C9BC0DC034B0F01F0370F61F0DF0FC6005819BBF0280C9B50DF034B0F01F0FF
:2031C000370F61F0DF0FBB00581ABBD0CC0C9BC0DC034B0F01F0370F61F0DF0FB000581BAD
:2031E000BB70710B9B108D034B0F01F0370F61F0DF0FA500581CBB70710B9B108D034B0FC8
:2032000001F0370F61F0DF0F9A00581DBB70710B9B108D034B0F01F0370F61F0DF0F8F00E8
:203220005818B70F81FF3BD0D7019B0069024B0F01F016068B0F20F2DF0F81005819B70F36
:2032400081FF3BD0D7019B0069024B0F01F016068B0F20F26E73581AB70F81FF3BD0D70176
:203260009B0069024B0F01F016068B0F20F26E66581BB70F81FF3BD0D7019B0069024B0F65
:2032800001F016068B0F20F26E59581CB70F81FF3BD0D7019B0069024B0F01F016068B0F0A
:2032A00020F26E4C581DB70F81FF3BD0D7019B0069024B0F01F016068B0F20F26E3F91004D
:2032C00000F6D9FF94E0580C6CF3910000F6D9FF94E0580D6CF4910000F6D9FF94E0580E18
:2032E0006CF5910000F6D9FF44E009A0041909A1041909A23C0909A33C0909A4001958104E
:203300004BF441F06B3261FF6B10614F6D00015389F23C69910000F6D9FF44E091000026FA
:20332000D92244E0092F3C6989FF2C69910000F6D9FF94E0DA0189FF1808910000F6D9FFBF
:2033400094E009FF18086E023C04DA00DF0F147E0090910000F6D9FF0C10D4F47BA047444E
:203360007B0014546D000402910000F6D9FF1010D4F47BA047447B0014546D00F90191002F
:2033800000F6D9FF1410D4F47BA047447B0014546D00EE0100906D004E3F0090910000F6ED
:2033A000D9FF2C1009FF0008DF1FEC80910000F6D9FF241091000026D9222410142FC21FE2
:2033C00034FF910000F6D9FF241014F0DA144BF00102DF01208091000046D944DC309100E6
:2033E00000F6D9FF181054F0910000F6D9FFF46048FF6B0F2140910000F6D9FF44E009F53D
:203400001C796D001531910000F6D9FF2410DA0034FF91000046D944C850910000F6D9FF59
:20342000DC3048F4910000F6D9FF44E009FF2C5967FFBFFF3B10EE029B5026044B0F4150D5
:203440006D00F630910000C6D9CCC40082046D00183D022F910000F6D9FFC85048F46D0080
:20346000B83DA22FB4CF910000F6D9FFC40009FFC0087B40234C6D00043D7F2F07807B4048
:20348000234C6D00FE3C3C18910000F6D9FFC40009FFC0087B4023446D00F33C7FF2078019
:2034A0007B4023446D00ED3C3C07910000F6D9FFC40009F2C008910000F6D9FFC400B4F262
:2034C000910000F6D9FF44E009FF1C794B0F31F10BF0C001DA237F0F0A00910000F6D9FFA0
:2034E0001C10DA03B4FF1D001D01910000F6D9FF1C1094FFDF3F3480910000F6D9FF44E062
:2035000009FF1C79910000F6D9FF181054F06B0031FF4B0F31F10BF0C0F14B0F41F17B0079
:2035200000044B0F01F0370F61F06E1991000046D944C8506D00CF3191000046D944DC30A5
:203540006D00C931910000F6D9FF1C10DA00B4FF910000F6D9FF2410DA0034FF910000F6C5
:20356000D9FF1C1094FF1E3B3BF00340910000F6D9FFC40009F5C0086D00BA6A1D00D20084
:20358000910000F6D9FF2C1009FF0008DF0FCA80910000F6D9FF281091000026D9222810C7
:2035A000142FC21F34FF910000F6D9FF281014FF82504B0F0102DF01208091000046D94467
:2035C000E080910000F6D9FF181054F0910000F6D9FFF46048FF6B0F2140910000F6D9FF8C
:2035E00044E009F51C796D002330910000F6D9FF2810DA0034FF910000C6D9CCC40091005F
:2036000000F6D9FFE08048F46D00E33C022F82046D00373C422FB4CF910000F6D9FFC40006
:2036200009FFC0087B00274C6D002B3C7F2F07807B00274C6D00253C3C18910000F6D9FF54
:20364000C40009FFC0087B0027446D001A3C7FF207807B0027446D00143C3C07910000F6C8
:20366000D9FFC40009F2C008910000F6D9FFC400B4F2910000F6D9FF44E009FF1C794B0FA8
:2036800031F10BF0C001DA237F0F0900910000F6D9FF1C10DA03B4FF3C44910000F6D9FFBE
:2036A0001C1094FFDF3F2E80910000F6D9FF44E009FF1C79910000F6D9FF181054F06B0029
:2036C00031FF4B0F31F10BF0C0F14B0F41F17B0000044B0F01F0370F61F06E13910000464D
:2036E000D944E0806D00F730910000F6D9FF1C10DA00B4FF910000F6D9FF2810DA0034FFFD
:20370000910000F6D9FF1C1094FF1E3B3BF00340910000F6D9FFC40009F5C0086D00E8691D
:20372000009054404C446B0F21F06C4109400409094104094C456B0F21F14BF051F06C43A8
:2037400009400C094C426B0F31144C426B1061FF6C427B00F8034C436B0F31004C414BF02F
:2037600041F0744F094208093C010090404F0258DA004BF801F016038B0F20F2EE4B4B8468
:2037800051F03BB0FD009B9004044BF051406D00F65002293BB0FD409B94F4436D00AB4736
:2037A0007B0000F44BF241F07B00F8036B9F61F06B9961AF74F84B9941F04BAF51F06CF32C
:2037C000483F7B0000044B0F41F06CF4483F6CF54B9941F07B00F8036B0031FF7B0000046B
:2037E0004B0F41F04BAF51F06CF17B00F8F33BB0FD409B94F4436D007E477B0000044B02B4
:2038000041006B9071FF6B9961FF4BAF51F06CF23C010090544F82004B0F01F016038B0F0F
:2038200020F26E0302423C1F4C46094004096B0F71044C47094108096B1F710009411C0937
:203840000942140909430C09094418094C444BF441F06B3061FF6B21612F4C466C4789400C
:2038600018093C010090910000F6D9FF0020DA0074FF910000F6D9FF0420DA0074FF91002D
:2038800000F6D9FF2420DA0074FF910000F6D9FF1820DA0134FF0090910000F6D9FF2020F5
:2038A00054FFEE0382023C30910000F6D9FF242054FF53CF20F0910000F6D9FFC80010FF76
:2038C00054FF910000F6D9FF002054F06B00310F910000F6D9FF242054FF53CF20F091006E
:2038E00000F6D9FFC80010FF481F910000F6D9FF042054F16B0131FF4BFF41F06B00614FC2
:203900006D0007503C0100906B0531243C057B403BF46B0F31227B4033F44BF201F06F2FAB
:20392000F8FF3C057B403BF46B0F21227B4033FC4BF201F06F0FF8FF3C010090910000F6C7
:20394000D9FF0020DA0074FF910000F6D9FF0420DA0074FF910000F6D9FF0820DA0074FF7E
:20396000910000F6D9FF2020DA0074FF910000F6D9FF2420DA0074FF910000F6D9FF1420D8
:20398000DA0074FF910000F6D9FF1820DA0034FF0090910000F6D9FF182014FF6E0D9100F0
:2039A00000F6D9FF202054FF6E07910000F6D9FF1C1094FF1E29910000F6D9FF1420DA005F
:2039C00074FF1D00B100910000F6D9FF341014FF6E0D910000F6D9FF341091000026D92220
:2039E0003410142FC2FF34FF3C47910000F6D9FF3C1014FF6E06BBA099F99B9FE9F33C0355
:203A00007B00F0F36DFF4AFF4BF201F0370F61F06E33910000F6D9FF1C20DA0134FF9100F3
:203A200000F6D9FF3410DA0834FF910000F6D9FF242054F0910000F6D9FF202054FFC2FFC5
:203A40007FF00E00910000F6D9FF242091000026D9222420542FC21F74FF3C0E910000F6A8
:203A6000D9FF1420DA0074FF910000F6D9FF1C10DA03B4FF3C58910000F6D9FF242054FF48
:203A800053CF20F0910000F6D9FFC80010FF4825910000F6D9FF44E009F420796DFF36FF97
:203AA000910000F6D9FF3C1014FF6E063BF026019B30C0033C05BBF0280C9B50C70391008E
:203AC00000F6D9FF3C1014FF6E06BBD0CC1C9BC1F4133C037B00FC13910000F6D9FF142013
:203AE0004B0241F074FF4B0241F04B1F01F0370F61F16E06910000F6D9FF142074F1910067
:203B000000F6D9FF142054FF6711BF0F4B0F01F0370F61F06E08910000F6D9FF14206711A7
:203B2000BFFF74FF0090910000F6D9FF202054F0DA083FF003003C4F910000F6D9FF2020A3
:203B400054FF53CF20F0910000F6D9FFC80010FF91000026D9220020542F74FF910000F65B
:203B6000D9FF202054FF53CF20F0910000F6D9FFC80010FF91000026D9220420542F6CF1BC
:203B8000910000F6D9FF202054FF53CF20F0910000F6D9FFC80010FF91000026D92244E0F5
:203BA000092F20796CF2910000F6D9FF202091000026D9222020542FC21F74FF910000F6E7
:203BC000D9FF202054FF5E17910000F6D9FF2420DA0074FF0090910000F6D9FF0020DA002C
:203BE00074FF910000F6D9FF0420DA0074FF910000F6D9FF2020DA0074FF910000F6D9FF37
:203C00002420DA0074FF910000F6D9FF1420DA0074FF910000F6D9FF1820DA0034FF0090FF
:203C2000910000F6D9FF3C1034F40090910000F6D9FF202054F0DA083FF003003C2F6DFF53
:203C400074FF910000F6D9FF0C2091000026D9222020542FC2FF53CF20F091000026D9224C
:203C6000C8001022542F74FF91000026D9221020910000F6D9FF202054FFC2FF53CF20F08D
:203C8000910000F6D9FFC80010FF481F742F910000F6D9FF3810DA0134FF0090910000F618
:203CA000D9FF3810DA0034FF0090910000F6D9FFF8C08880910000F6D9FFF8C0889F0B00DF
:203CC000C021BF220B000BF0C021BF22070042F0DA024BF001023C070B00C021BF220300F4
:203CE0003C0202F0910000F6D9FF08204B0041F13B6053069B20B8034B0F41F074FF910097
:203D000000F6D9FF44E009FF2079BB40A30F9BE0C8034B0F41F0910000F6D9FF0020910082
:203D20000026D9220820542802F46D00E4444B284100BBA0701D9B31BA1391000026D9224C
:203D4000002054226B10610274F0910000F6D9FF042091000026D9220820542802F46D004F
:203D60000F4C4B2841F0BBA0700D9B30BA0391000026D922042054216B0F61F174FF9100C9
:203D800000F6D9FF381014FF6E59910000F6D9FF202054F0DA087FF05200910000F6D9FF4E
:203DA000002054FF910000F6D9FF0C2054F06B0031FF910000F6D9FF042054F0910000F6D8
:203DC000D9FF102054F16B0131004B0041006BFF61406D009E4DBBA099F99B9FE9F34BF2CA
:203DE00001F016068B0F20F26E296DFF9EFE910000F6D9FF0C2091000026D9222020542F6B
:203E0000C2FF53CF20F091000026D922C8001022542F74FF91000026D9221020910000F6A4
:203E2000D9FF202054FFC2FF53CF20F0910000F6D9FFC80010FF481F742F0090404F6D0058
:203E40005324022F02F46D004F2314F0B700010034F002F46D0068240090FF440B00538461
:203E600020F0910000F8D9FF1CB010FFD4F23C02A0023C010090094F4C18161F3C018200D3
:203E80003E0E82103E0E82203E0F8240BE003B800000BE003B000100BE003C1282023C12F6
:203EA0006D00FF1F3C0F6D00481F3C0C6D006C1F3C096D00D01E3C066D00B91E3C0382022F
:203EC0003C013C01009082F282003C17538020F0910000F8D9FF1CB010FFD4FF7D4F0D8044
:203EE000538020F0910000F8D9FF1CB010FF481F370F48203C04C210BF40EAFF3C010090C7
:203F0000404F40F46DFFB9FF09FFD408370F6CF0C21F4B0F41F14BF251203C0100906DFFE0
:203F2000D4FF53C220F060FF9140003F30F3D93F002849F2080A3C0100906DFFC6FF53C257
:203F400020F060FF9140003F30F3D9320028B0423C0100906DFFB9FF53C220F060FF914054
:203F6000003F30F3D93200283C010090494F081A3C0554FF345FB015C2F4FF14FCFF024231
:203F80003C0100902010404F0B541088026A89A7080909FF4C18161F78033C0140F46DFFF8
:203FA000B1FFC2188B4860F3370F68F074AF8B1A60F3370F68F0780154AF4B0F61F14BF98E
:203FC00041503BF026F19B3FA8F34BF5413082044B5251004B00716182108F461FF06E0D66
:203FE0007B0018144B1941104B1251104B0171118F411FF06E023C010269821882074B0074
:2040000061014B0241F04B0661014B0F51006B0031F582014B1F01F0AE046B0031B53C05AF
:204020006B0031F567FFBFBF4B3B01F016038B0F20F26E028214822D3C39DF2D0580821082
:20404000821E3C0773D70A004B8011028B1000E03C234B0D61A14BA241A0036D0AC04B0CB8
:2040600061F14BFA51C06B0C31F5820A4BAF01F0AE046B0C31A53C056B0C31F567FFBFAFD3
:204080004BAB01F0370F61F16E0602AB02D8036D0A900207C2107F0EDEFF4B3B01F01603C7
:2040A0008B0F20F26E023C09C21DF647736D0AF03BF0FF007FF0C3FF820440F46D003600F1
:2040C00009FFE00837097000370F0CF089FFA00809FFE20837087000370F0CF089FFA208B9
:2040E00009F0560854AFC2FF370F68F037F004F089FF160809F05708580137F004F089FFF2
:20410000170858026E03DA013C02DA0009F0570837F081F389FF170840F409A40C096D00C5
:20412000050082123C010090094F4C18374F05F0894F0C18F6493C01094F4F18370FE1F391
:204140003C01EEFB3C093C01094F4F18370FE1F33C01DF1FFBFF0090494F041A3C0A145FAA
:2041600074FFB015C2F43C010C4E161FFF1FFE7FFF14F7FF02423C0100902008F4A4405D73
:20418000D4DFF44F40F46DFF5BFE820440F46DFFCDFFDA0009F05A0837F002F089FF1A0846
:2041A00009DFC80809F0D408C2FF370F70F037F00CF0ACFA09D46C0840F46DFFB7FF09D4BE
:2041C000040909D54A0809D64D0809D74C0840F46DFFDAFE0228820440F46DFFA7FF09DFE4
:2041E0007C086E0382103C028200087F370F01F22CF709DF56086E03DA013C02DA0009F0F2
:204200005B0837F001F389FF1B0809DF540809F05B0837F081F389FF1B0809DF510809F055
:20422000590837F083F089FF190809DF530809F05B0837F001F289FF1B0809DF550809F038
:204240005C0837F004F089FF1C0809D0580808CF370F02F32CFC09DF590809F0500837F0FF
:2042600002F389FF100809DF500809F0D80837F003F3ACFC09D05A0808DF8BF020033700D4
:204280006800370F04F02CFD09DF5B0809F051088BFF20F3370F68F037F004F089FF1108BF
:2042A00009DF520809F05A0837F002F089FF1A0809DCA809BD0C7900D4CEBD0E280009C068
:2042C000040809C95D084CE16E2109E4840909E44808370068506D00A70D09E4840909E4B1
:2042E000480802956D00D20DD4E2DA016E0382103C0282000C27370F81F22C27D4E20CEC4A
:204300000920460837F002F02C2609CE8809BD0E1E0009C00C0809C95D084CE16E1709E4B7
:20432000840909E44808370068506D007D0D09E4840909E4480802956D00A80DD4E20CECAF
:204340000920440837F003F02C2409CE9009BD0E150009C5540809C95D0809E4840909E466
:2043600048080CECA6F56D005F0D09E4840909E4480802956D008A0D09CE9809BD0E1500D7
:2043800009C55C0809C95D0809E4840909E448080CECA6F56D00480D09E4840909E44808F1
:2043A00002956D00730D09D46C0840F46DFFBEFEDA0089FF001982FF6CFFDA00D4A22C2EBB
:2043C00009DF6D082E0CDA016E03DA013C02DA0009F0421837F001F089FF021809DF6D089D
:2043E0002E1CDA016E03DA013C02DA0009F0421837F001F189FF021809DF6D082E2CDA0194
:204400006E03DA013C02DA0009F0431837F001F189FF031809DF6D082E3CDA016E03DA013A
:204420003C02DA0009F0431837F081F189FF031809DF6D082E4CDA016E03DA013C02DA00BE
:2044400009F0431837F001F389FF0318DA002C2DDA002C2C09DF7D082C2FD2008920540945
:20446000DA006C240C2F82003E0482103E043C0682193C063BC000903C0382093C014CDC26
:204480006E0C09D4B00909D4AE0802956D008522D4A4894284093C0909D4AE0802956D0022
:2044A0006822D4A4894284094CDE6E0C09D4B80909D4B40802956D007022D4A4894288095D
:2044C0003C0909D4B40802956D005322D4A48942880909D9660809DFE208EE03DF392280E4
:2044E00040F46DFF2CFD09DFE2081420370F68F037F008F0342F0C21379F82F12C210C23DB
:2045000096022C23DA016E03DA013C02DA0009F0431837F001F289FF03180C2196042C2150
:2045200009DFE008EE03DF39228040F46DFF14FD09DFE0081420370F68F037F008F0342F2B
:204540000C21379F82F12C210C2396022C23DA016E03DA013C02DA0009F0431837F081F354
:2045600089FF03180C2196042C2109DFE4086E2140F46DFFD6FC09DFE4081420370F68F009
:2045800037F008F0342F0C21379F82F12C210C2396022C23DA016E03DA013C02DA0009F088
:2045A000421837F001F089FF02180C2196042C21DA016E03DA013C02DA0009F0500837F01C
:2045C00081F089FF1008DA016E0382103C02820008CF370F81F02CFC09FF5008960189FFF7
:2045E000100808CF96012CFC02823C010090F445DA00894F3C08DA01894F2C08DA01AC44DB
:204600007B107EF46C41DA032C4ADA002C4CDA032C4DDA00894F1008DA01894F1108DA0184
:20462000894F1208DA00894F1308DA00894F1608DA00894F1408DA07894F1508DA01894F94
:204640001808DA01894F1908DA00894F1A08DA00894F1B08DA00894F1C08DA00894FA2088B
:20466000DA00894FA008DA00894FA408DA00894F2608DAFF894F2D08A00FEC4AA00FEC4EEE
:20468000A00FEC4CDA00894FAE08DA00894FB408DA00894F3D080090D44F09FF7608160116
:2046A0003C016E0909FF7E08960189FF3E080C4E96012C4E09FF7608370F61F13C016E0916
:2046C00009FF7E08960489FF3E080C4E96022C4E09FF7708370F61F13C016E0909FF7F0816
:2046E000960489FF3F080C4E96042C4E09FF7708370FE1F13C016E0909FF7F08960889FFDB
:204700003F080C4E96082C4E09FF7708370F61F33C016E0909FF7F08964089FF3F080C4E7D
:2047200096102C4E0090404F6D00DE1F022F02F46D00DA1E821074F002F46D00F51F3C019A
:2047400014FF370FE1F0BA0F3C01DF1FFB7F0090404F6D00C91F022F02F46D00C51E14F0C2
:20476000B700010034F002F46D00DE1F3C0114FF370FE1F0BA0F3C016EFB0090FF240B0069
:20478000538420F0910000F8D9FF20D010FFD4F23C02A0023C01009082F282003C17538043
:2047A00020F0910000F8D9FF20D010FFD4FF7D4F0D80538020F0910000F8D9FF20D010FF1A
:2047C000481F370F48203C04C210BF20EAFF3C01009002486DFFE2FF914000FFD9FF600876
:2047E000530221F010FF534820F010F23C0100907643DF140980094F6C28375F02F0894F49
:204800002C283C42DF240400DF340980094F6C28375F02F1894F2C283C37DF440400DF54B5
:204820000980094F6C28375F02F2894F2C283C2CDA0C7E48094F6C28375F02F3894F2C2896
:204840003C23DA0A3E43DA0D7E48094F6D28375F02F0894F2D283C18DF640400DF740980CE
:20486000094F6D28375F02F1894F2D283C0DDA083E43DA097E48094F6D28375F02F2894FF1
:204880002D283C0200A00090404F0B451088026A6D00071B022B4B8B51406D00E8330220A5
:2048A00082033C0782224B200102F6023C05C213DA103FF3F9FFDA107FF34B8076A6822017
:2048C0004B0911029AF03C029AF9370F700009F1E4083701100089F0A408DA01820082012D
:2048E00037F101133701011789F138198F7300F182005380201082700F10000009F2301994
:2049000082F4C64026020F1F00F0A6F289F230198F8300F18B0F20F26E0DDA00538F20F083
:20492000C23F82100FF0000009FF3019A60F89FF301909FF701837AF81F389FF3018DA0179
:204940000F3F00F04B0F61F14BFB51203C0282023C010090094054080C5C8B4FA0F237F087
:2049600001F3894F1408094051080C5C37F002F3894F11080090404F024F02586D00911A56
:2049800002294BF951406D007233022082033C0782224B200102F6023C05C213DA103FF3DF
:2049A000F9FFDA107FF33F80C2F83708700009F1D4183701100089F094188200821182028F
:2049C000370201233712012789F238198F7300F182105380201082700F10000009F2301960
:2049E00082F4C64026020F1F00F0A6F289F230198F8300F18B0F20F26E0DDA01538F20F0A2
:204A0000C23F82100FF0000009FF3019A60F89FF3019DA010F3F00F04B0F61F14BF95120B3
:204A20003C0282023C010090094054080C5C8B4FA0F237F081F3894F1408094054080C5CD2
:204A400037F002F0894F14080090404D405FC86C89DC900914CF370FE1F0BA0F3C01EE0469
:204A600040C46DFF77FE09FF5C081E1409FF5D086E5CDA0182100FF000004CC1260F6E035D
:204A8000DA013C02DA003C01EE08DA0182100FF000004CC1A60F6CC109FF69086E2248BF85
:204AA0006E05C864C8B56DFFC1FFDA0109F07008532F2010C22182320F1200204CC582F352
:204AC000C632262F0F100000A60F6CC5483F370F70F009C0D41837F010F089CF94183C0635
:204AE0004824483540C46DFF48FF09FFF80809C0D01837F010F089CF901809FF5D186E1437
:204B000009FF5D08EE1109FF7A0809C0741837F003F189CF341809FF7B0809C0741837F084
:204B200082F289CF34183C0109FF5C086E0709FF5D18EE0409FF5D086E644818820182101C
:204B40000F1000004CC126F07603DA013C02DA003C01EE08820082110F0100104CC1A61F6D
:204B60006CC109FF5D186E0B09FF5D08EE08484F6E0609FF7A085E5248483C0109FF60082D
:204B80006E31489F6E05C864C8956DFFE5FEDA0009F06808532F20F09221DA030F1F002091
:204BA0004CC582F3C632262F0F100000A60F6CC509FF740809C0701837F081F389CF30180D
:204BC00009FF74085E16DA024BF811028BF01F80370870F009C0E40837F010F089CFA40812
:204BE0003C0854F409F6740840C402856DFF4EFE09FFF60809C0E00837F010F089CFA0088D
:204C000009FEA019BD0E2300D4ECBCCF09EF080809C4840909C44808370F68506D000409A4
:204C2000D4C440C56DFF98FE09EC8409BCCF09EF080809C4840909C44808370F68506D00DE
:204C4000F308D4C440C56DFFF1FE09FFFE086E2CC86209F07C08DA010F0F00F009203029A7
:204C6000A6F089203029C86409F47C0809F57D086DFFC0FDC86409F47D086DFFACFD09F087
:204C8000401809FFFE081421370F68F037F108F0342F0C21370F82F12C210C2396022C230F
:204CA0000C2196042C2109FFC4186E2CC86209F04218DA010F0F00F009203029A6F089203B
:204CC0003029C86409F4421809F543186DFF92FDC86409F443186DFF7EFD09F0461809FFDA
:204CE000C4181421370F68F037F108F0342F0C21370F82F12C210C2396022C230C21960472
:204D00002C2109FFCA186E2CC86209F04818DA010F0F00F009203029A6F089203029C86410
:204D200009F4481809F549186DFF64FDC86409F449186DFF50FD09F04C1809FFCA1814212B
:204D4000370F68F037F108F0342F0C21370F82F12C210C2396022C230C2196042C2109FFCD
:204D6000D0186E2CC86209F04E18DA010F0F00F009203029A6F089203029C86409F44E1896
:204D800009F54F186DFF36FDC86409F44F186DFF22FD09F0521809FFD0181421370F68F0CE
:204DA00037F108F0342F0C21370F82F12C210C2396022C230C2196042C2109FF5C0889DF3F
:204DC000140849FF141A49D2180AA02444FF642FFC4E00902068910000F8D9FF3CB049FF73
:204DE000000A49A2000AC506180044FF642FFC6E49AF000A4942000AC506180044FF642F41
:204E0000FC6E894598090090404F09FF5408DF1F3780C842DA008210820137F10113370114
:204E200001178921381909FF6108EE28487F6E1BC842821009FF6008532020008B800010CE
:204E400082300F1000000922341982F3C63026020F1F00F0A6F289223419C844C8756DFF13
:204E6000E5FD3C0BC842DA008210820137F1811037018114892138193C013C0109FF5408B1
:204E80006E0409FF61086E32C842DA018200820137F101133701011789213819486F6E1BDE
:204EA000C842820009FF6008532020008B80001082300F1000000922341982F3C63026026C
:204EC0000F1F00F0A6F289223419C844C8656DFF43FD3C0BC84FDA018200820137F1811048
:204EE0003701811489F138193C010090404F40F46D002F0082504DC0E1FF16073C013E286F
:204F00009110003030F3D933C04F54313C034D00D01F3701E2F05E1382003C173701E2F028
:204F2000EE13534220F060FF9130003F30F3D93F1436081F16075E1382103C05081F16071B
:204F40005E3282203C02825002023C010090822282003C17538020F0910000F8D9FF30D081
:204F600010FFD4FF7D4F0D80538020F0910000F8D9FF30D010FF481F370F68203C04C2105C
:204F8000BF20EAFF3C010090404F024F40F46DFFE0FF02286E031E325E4382093C0282192D
:204FA0005E23821A3C02820ADF1949804DC0E1FF16073C015F8F28006D00AA1B022802840A
:204FC0006D00BA1A913000CFD9CC143640F46DFFC0FF534220F010C2142F37AF02F0342FBD
:204FE00002846D00C81B9110003030F3D933C04F543FB72F82F09110003030F3D933C04FD2
:20500000743F3C1C6D00701B022B02B46D006C1A913000FFD9FF1436534820F010FF91305A
:20502000002FD9221436534820F01022142F37AF02F034FF02B46D00771B02923C010090BB
:2050400082124DC0E1FF16073C01FF2F0B80538F20F0910000F8D9FF30D010FFD4FF3C0249
:20506000A00F3C017DF4048082023C109110003030434933088A543F06F4374F9FF09110EA
:20508000003030434933088A743F3C010090404FDA0140F46DFFD6FF262F40F46DFF28FFE4
:2050A000F626821440F46DFF71FF262F02F23C010090913000FFD9FF004654FF370F6EF142
:2050C0008FFF83813C01911000A7D9AA408F0D0080043B0098F0CD4FE00F0D00C0044D00EA
:2050E000E0FFB70F14F0CD0FE00F0D00C00482117617DA009601CD4F20090D00C0044DC0B7
:20510000E1FF8F7F00213C01913000FFD9FF004653C220F010FF54F037006E018FF0833114
:205120003C01913000FFD9FF004653C220F010FF54FF2E1B8F2320F0960154F03700700838
:205140008F002100A6F074F08F2320F0960254F0370070088F002100A60F74FF3C0154FFF0
:205160001601DF1FFE7FDA00761382003C028210370F81F0CDCF20090D00C004913000FFDB
:20518000D9FF004653C220F010FF54FF2E1B8F2320F0960154F0370070088F002100A60F70
:2051A00074FF86238F3340F154F0370070088F002100A60F74FF3C0154FF6F0FFF7F0D007C
:2051C000C00482114DC0E1FF8F7F00213C01913000FFD9FF004653C220F010FF54F0370092
:2051E0006E018FF083313C01913000FFD9FF004653C220F010FF54FF2E1B8F2320F09601C9
:2052000054F0370070088F002100A6F074F08F2320F0960254F0370070088F002100A60F3F
:2052200074FF3C0154FF1601DF1FFE7FDA00761382003C028210370F81F0CD0F04090D0077
:20524000C004913000FFD9FF004653C220F010FF54FF2E1B8F2320F0960154F03700700890
:205260008F002100A60F74FF86238F3340F154F0370070088F002100A60F74FF3C0154FF5F
:205280006F0FFF7F0D00C004913000FFD9FF004654FF2E1B8F2820F0960154F03700700876
:2052A0008F002100A60F74FF8F2820F0960254F0370070088F002100A60F74FF3C0154FF5C
:2052C0001601DF1FFE7F910000F8D9FF004080FFCD4FE20F0D00C00491F000F8D9FF0004E9
:2052E00080FFCD0FE20F0D00C004911000F7D9FF80CF80FFCD8FE20F0D00C004913000FF75
:20530000D9FF004654FF2E1B8F2820F0960154F0370070088F002100A60F74FF8F2820F0E3
:20532000960354F0370070088F002100A60F74FF3C0154FF6F0FFF7F91000000D900000013
:2053400091000010D911000091000080D988000091000090D9990000911000F7D9FFC00F7E
:2053600091100027D922C001A004802080FFA2F0DA404BF0114282003C1E80FFB70F1CF07F
:205380008F4F1F1080FFBBF0FF2F0662262F06AFA6F1F606CD81E30F0D00C0043C0274419F
:2053A0009AD47E05CDC1E30F0D00C00440F449FF001AC2103F40E3FFDA00744F6D00A81917
:2053C000022F02846D00E71802F46D0028196DFFE4EF6D009D19913000FF19FF30366F1FD8
:2053E00012008F2220F09601913000FF19F03036370070088F002100A60F913000FF59FFE8
:20540000303686228F2240F1913000FF19F03036370070088F002100A60F913000FF59FF41
:2054200030363C01913000FF19FF30361601DF1FFB7FDA00913000FF59FF18169100004803
:20544000D94470D16D00AB159130884F910000F8D9FF661580F46DFF1CFE911000F8D9FFE2
:205460007CBCDC0F0090913000FFD9FF0C4654FF370F6EF18FFF83113C01912000A6D9AA5E
:20548000408B0D0080043B0098F0CD4FE00F0D00C0044D00E0FFB70F14F0CD0FE00F0D0043
:2054A000C00482127627DA009601CD4F20090D00C0044DC0E1FF8F7F00313C01913000FF47
:2054C000D9FF004653C320F010FF54F037006E018FF083413C01913000FFD9FF004653C31B
:2054E00020F010FF54FF2E1B8F2420F0960154F0370070088F002100A6F074F08F2420F037
:20550000960254F0370070088F002100A60F74FF3C0154FF1601DF1FFE7FDA007623820011
:205520003C028210370F81F0CDCF20090D00C004913000FFD9FF004653C320F010FF54FFE8
:205540002E1B8F2420F0960154F0370070088F002100A60F74FF86248F3440F154F03700C4
:2055600070088F002100A60F74FF3C0154FF6F0FFF7F0D00C00482124DC0E1FF8F7F0031BE
:205580003C01913000FFD9FF004653C320F010FF54F037006E018FF083413C01913000FF91
:2055A000D9FF004653C320F010FF54FF2E1B8F2420F0960154F0370070088F002100A6F069
:2055C00074F08F2420F0960254F0370070088F002100A60F74FF3C0154FF1601DF1FFE7F1F
:2055E000DA00762382003C028210370F81F0CD0F04090D00C004913000FFD9FF004653C381
:2056000020F010FF54FF2E1B8F2420F0960154F0370070088F002100A60F74FF86248F343D
:2056200040F154F0370070088F002100A60F74FF3C0154FF6F0FFF7F0D00C004913000FF51
:20564000D9FF0C4654FF2E1B8F2120F0960154F0370070088F002100A60F74FF8F2120F0A2
:20566000960254F0370070088F002100A60F74FF3C0154FF1601DF1FFE7F91F000F8D9FF54
:20568000000680FFCD4FE20F0D00C00491F000F8D9FF000480FFCD0FE20F0D00C004912084
:2056A00000F6D9FF80CB80FFCD8FE20F0D00C004913000FFD9FF0C4654FF2E1B8F2120F0EE
:2056C000960154F0370070088F002100A60F74FF86218F3140F154F0370070088F0021002D
:2056E000A60F74FF3C0154FF6F0FFF7F91000000D900000091000010D911000091000080F0
:20570000D988000091000090D9990000912000F6D9FFC00B91200026D922C00DA004802068
:2057200080FFA2F0DA404BF0114282003C1E80FFB70F1CF08F4F1F1080FFBBF0FF2F0662B6
:20574000262F06AFA6F1F606CD81E30F0D00C0043C0274419AD47E05CDC1E30F0D00C00466
:2057600040F449FF001AC2103F40E3FFDA00744F911000F8D9FFEECCDC0F0090DA000950EA
:20578000DA08370F0EF009505C08370F03F809505D08370F81F909505E08370F01FA09500E
:2057A0005F08370F83FA09506108370F01FE09506008370F03FC6C45820109506408370181
:2057C00003100950650837018111095066083701041409506B083701011A095067083701F0
:2057E00003120950680837018113095069083701041609506C083701811A09506A08370140
:20580000041809506D083701011B09506E083701011C09506F083701811C095F70086E0330
:2058200082203C028200095F71086E03DA013C02DA00A6F03701021D095F720837F1041EA8
:20584000095F730837F1811B89411009095F06096C42095F0A096C43095F16096C41095FD3
:205860001209744F095F6A086E0A095F6A081E17095F6A081E24095F0E096C460090F445D3
:205880000090404F405CD4C2D42DF4FD09CF04082CF409CF0408530F22F010D2D92200028A
:2058A000E822C82440C56DFF6BFF820009CF63086E05DA0137F001083C04DA0137F0810809
:2058C00009FF0408534F20F010D25920C08109CFF4086E22D4F209FF0408BC21534F20F099
:2058E00060FF9140003F30F3D93F40483C0109C0760809CFF40814F1370F68F037F108F05B
:2059000034FF081F370F82F12CF1083F96022CF3081F96042CF100902038910000F8D9FF32
:2059200000E049FF000A49A2000AA0D644FF642FFC6E49AF000A4942000AA0D644FF642FA7
:20594000FC6EF4450090404F6D00CE16022F02F46D00CA1591A0003030F3D933C04F54309E
:20596000B700010091A0003030F3D933C04F743002F46D00D91600906D007B12913000FF90
:2059800039FF3506370F64F24B0F41F14BF251203C013C01009037046800DA084BF00102F1
:2059A000DA0203F10AF6370F68F0DF15068082220FF210203C0482120FF210203C01009058
:2059C000404F026F82066DFFE8FF6E04681268223C0268120090404F026F82066DFFDDFF5E
:2059E0006E04684268523C0268420090404F3B0001606DFFD2FF74F20090404F024F0269B0
:205A0000820602F46DFFC9FF02283B0001600BF910486DFFC2FF8F0201F0A6F86868009005
:205A2000DA01744F0090804F53042800420F60FF3C0148423C010090BC41DA024BF501028A
:205A4000534020F053042100600F9140003F30F3D93FC06910F23C010090804F530428002B
:205A6000420F60FF3C0168550090804F53042800420F60FF3C0168350090804F5304280036
:205A8000420F60FF3C0168450090804F53042800420F60FF3C0168250090804F5304280036
:205AA000420F60FF3C01481F375F02F06CF10090804F53042800420F60FF3C014890DA0030
:205AC0006CF948BF375F02F06CFB68907663DA013C02DA0037F001F0767382103C02820054
:205AE000370F81F06CF90090804F53042800420F60FF3C01DF15048082103C028200481F8E
:205B0000370F81F56CF10090404C405F8218D4F2F4C2084F2CC4084F3B008000E20FD4F28B
:205B20001022911000303023D93D000D89CD880909FF05082CC549DE001A89CE8C0909FFCA
:205B400052085E1709F40508821540E46DFF50FF09F405088215821640E46DFF50FF09F4E1
:205B6000050809F5500840D46DFFC0FF09F40508086540D46DFF93FF487F6E08C87409F484
:205B8000600809F561086D00240109FF54081E1509FF5508DF1F278009F4050809F556089D
:205BA00009F6540809F7550840D46DFF83FFD4F4084409F505086DFF41FF09F0570809FF00
:205BC000D8081421370F68F037F108F0342F0C21370F82F12C210C2396022C230C2196047F
:205BE0002C2109FF52085E1E09F40508482540D46DFF4DFF09F40508483540D46DFF37FFFA
:205C00003C0D09F40508482540D46DFF38FF09F40508483540D46DFF22FF09F40508821544
:205C2000820640E46DFFCEFE09F405088215820640E46DFFD2FE09FF53085E1509C48C09BF
:205C40006DFFF0FE02823C010090F445DA002C44DA002C45DA146C42DA0A6C43DA01894FE9
:205C60001008DA022C46DA00894F1108DA00894F1208DA01894F1308DA00894F1408DA00B1
:205C8000894F1508DA02894F1608DA00894F1708DA00AC4CA00FEC47DA80894F2008DA0084
:205CA000894F21080090404F024FC83409F40508821502F66DFF86FEC83409F40508821551
:205CC00002F66DFF8AFEC8346DFFACFE0090404F024FC83409F40508820502F66DFF72FEF5
:205CE000C83409F40508820502F66DFF76FEC8346DFF98FE0090594400C00090194F08C094
:205D0000370F78F04B0F41F1194004C0370078004B0041014B0F51F06D0006004BF2412044
:205D20003C0100906DFF2AFE3C010090404F0B54108840F46DFFE4FF4B8251007B00F81388
:205D40006B0131004B0071814B0861116B0131007B00F0134B1001F0370F61F16E02C2185B
:205D60006D00C214022A02A46D00BE13DA00BE90DA013E9EDA023E9CDA033E9ADA043E98D2
:205D8000DA053E96DA06BE91DA07BE963C1C534920F010F2534920F010FF19FF0CC0378F81
:205DA00018F0592F0CC03C1019FF24C0378F18F059FF24C03C0919FF28C0378F18F059FFCA
:205DC00028C03C023C0102A46D00AE140090404F0258481F8FCF1F00481F160F532F2020E0
:205DE000082F0F2F001082330F23003091A0012FD922F04F534020F01022542F82F0C630AC
:205E0000260F2631A61F742FC82408CF09F55008A64502F46D000800C82408C402856D0073
:205E200035000090404F0B4510A849FC100A82404B0A01828F3A00F1538F20C09140002F91
:205E4000D922000E7D2F15806D004E14022F02F46D004A1309F0201982110FA1101082F22F
:205E6000C621261089F0201902F46D005D14534820F010CFDAFF0FCF00F00FCB10B002F3BF
:205E800002B249F240080090404F0B4510886D002B14022A02A46D00271349FF001ADA085B
:205EA0004BF801028F7800F1534F2040534020F010FFDA0F0F4F00F00F49109002F3029238
:205EC00049F2400802A46D002F1400902020404CDA084BF401826D00F20E534920F010A21E
:205EE000534920F010CF488F742F09CF500816FFC21F4B0F41F14BF25100534920F010AFF2
:205F000014FF163FC21F4B0F41F14BF05100534920F010AF14FF370F62F39211534920F0B8
:205F200010AF081F160342F1534920F010AF081F370F62F142F14B0141F14BF051203C016A
:205F4000009020080248405F3705E8FB8B0F20F26E01820949A6000A028440F56D00390081
:205F6000DA0037F9019014AF37F983900CA137F903920CA237F983930CA337F903950CA4F3
:205F800037F983960CA537F90398081FAE63DA003C02DA0137F98199DA0037F9019A14FF0F
:205FA000AE53DA003C02DA0137F9819ADA0037F9019B09FFC008370F66F3C2FF370F70F026
:205FC00037F9859B3789049E02923C010090406C82088209DA084BF40122094F500816FFE4
:205FE0009210534320F0104F09FF6008163FC21FE2F0534320F0104F09FF6008370F62F372
:206000009211534320F0104F09FF6108160342F1534320F0104F09FF6108370F62F142F1D9
:2060200073100AA0B025405D820B3C4E534B20F010DF54FFE2AF4B0F61F17B0000044B0FA4
:2060400051C0820D820E3C328210532E20F00FF010004B0041F14BFC51F07B00F0036B0092
:20606000214F6D00D627FF922180532E20F00FF210F04B0F41F14BCF01F016068B0F20F223
:206080006E09C2F28B0240F3370F689002E8821D3C0FFF820B809A12C2FF8B0F40F3370F77
:2060A000689002E8821D3C04C21EBF8ECFFFF6D382798278532B20F010CF2819532B20F02A
:2060C00010CF34F8C21BBF3BB3FF0090404C405F7641820854CF6E016D00F10D3C0109CF1E
:2060E000500816FFC21F4B0F41F14BF251F03C017B00F8034BF0513048103B8000408215EF
:2061000002463700E81BBA016E037B00F8037B00F8134B0151703B0040929B499794024A60
:206120003C4D4B0A41014B0341004B0751107B00F0236B0221114B0131B1DA407FBF050045
:206140003B0004B03C0973AB0A10FF410400822B3C034EB2821B4B0B41114B1041006B0750
:20616000311082024B2101F0AE046B0731003C056B0731F067FFBF0F4B9001F06F2F1E8098
:206180004B9001F0AE264B9001F0AE036F060580020902A602B56F061180DA004BF001F072
:2061A000AE27DA004BF001F0370F61F06E03DA003C02DA016E023C04C2FAFF2AB47F3F54AE
:2061C00009006F0607006F050580025F026502F6DA024BF601229AD2370F4800C2F5370554
:2061E00068F037F80680DA024BF601421A52C2FF370F68F037F802838E03020F3C02DA00F9
:2062000037F802858E0382323C01370268F037F80284088FAE43DA013C02DA0037F80186CF
:20622000088FAE33DA003C02DA0137F88186089F370FE1F237F8018702823C0100900248AB
:20624000BC416D003C0DDA004BF801F0AE217B0008F44BF841F04BF251004B0031F14B0F6E
:2062600041F16B0F31F07B00F0134B1F01F0AE244B0031F13C044B0031F1C21F8B1F4013AE
:206280004B0161F14BF251F06B0F31F882004B0F01F0AE084B0161F14BF251F06B0F31589D
:2062A0003C094B0161F14BF251F06B0F31F867FFBF5F82463C2C4B0661F14BF841F04BF2D2
:2062C00051F07B00F0036B0021FF4B0F710173600AF04B0F61F14BF251306B0331F8820464
:2062E0004B4F01F0AE046B0331383C056B0331F867FFBF3F4B5301F0AE247603023502013A
:206300003705E8FB6E02F6023C06C2163B801FF07F6FD3FFC2F18B0140233C010090FF44A0
:206320000B00538420F0910000F8D9FF6CC110FFD4F23C02A0023C01009082F282003C1712
:20634000538020F0910000F8D9FF6CC110FFD4FF7D4F0D80538020F0910000F8D9FF6CC120
:2063600010FF481F370F48203C04C210BF40EAFF3C010090494F102A3C0554FFB45FB025E4
:20638000C2F4FF14FC7F0090494F102A3C0554FF745FB045C2F4FF14FC7F0090494F102A55
:2063A0003C0554FF345FB015C2F4FF14FC7F0090DA010F4F10F0370F70F009410819765706
:2063C00037017008A6F0370110183C083701700882F2C6F2262037011018766737017000CC
:2063E000A6F0370110103C083701700082F2C62F26F037011010894108190090DA084BF450
:206400000102534120F0104F49FF241A3C06095FC00874FFB025C2F5FF15FB7F0090DA087F
:206420004BF40102534120F0104F49FF241A3C05545F74FFB045C2F5FF15FC7F0090DA087D
:206440004BF40102534120F0104F49FF241A3C05145F74FFB015C2F5FF15FC7F0090094F57
:206460004518EE047B1000F03C02DA01CC4D094078080F0F10F06CF10090094288093C0133
:206480000090094F4518EE03DA013C037B1000F0CC4D094078080F0F10F06CF10090404FB5
:2064A000405C406D0248D4FE40E46D008F050229DF093680ECE2084F96012CF4E84CA8A829
:2064C000821089F00718E86DA8E848FF6E05C8F240F42D02000009FF49181E1409FF4918D2
:2064E0005E3540F46D0047093C1A09FF4918DE4209E2A80909E4A809094FD818C2F83708BE
:206500007000370F10F0892F981840F46D0033093C06C8AF09E488092D0F000002923C013C
:20652000009082020C44AE04D44F481F6E0282123C0100902010404C405DD4D2D42FF802EE
:20654000C8AFF801D4DFF4CF0CC4B70F01F02CC409DF640889CF081809DF650889CF091844
:2065600009DF260989CF0C1909DF2A0989CF10190CD8370F61F1D80109F0510837F0010319
:2065800089F0110849DF1C0AF4AF5E1754FFEE05DA0089CF04183C07CCD7481F370F68F084
:2065A00089CF041809C04418DA084BF00182534920F009A48409104F029440D56DFF88FDC1
:2065C000022F6CF809C4441849D5080A4CD109A4840902F56DFFB7FC022F6CCC821009CF8D
:2065E00044180FF000008F0001100CD9AE43DA003C02DA0109C444180F4F10F0D80149FF2F
:20660000081A8F000140A640A6F10203021249F2400809CF7308370F64F28F7F004109A484
:2066200084096DFF55FC4B0231F189CF0A09D4AF54FFEE07A00FECCFA00F89CF80193C46DF
:20664000D4FF09F2C80989C2F4090CD9370F61F289CF05180CD86F1F2280910000F8D9FFEB
:206660005E16ECCF910000F8D9FF422689CF801940C46DFF08FFD4AFD4FF09D5600809DA3B
:206680006108DA80C82408C4A6F56DFFCDFBC82408C402A56DFFFAFB3C19A00FECCFA00F82
:2066A00089CF8019D4A2D42F09D5600809DA6108D422092F5008C82408C4A6F56DFFB4FBEA
:2066C000C82408C402A56DFFE1FB09DFC808370F66F389CF0618910000F8D9FF0C27ECCAFC
:2066E000910000F8D9FFDAF6ECCBD80209FF46186E119110002F09F00518534920F0D80188
:2067000010FF49FF241A530022F0102280FF592F0C0282023C010090404C40C46D00DC23EB
:20672000A00FECC7DA8089CF2008DA0089CF2108A00FECC7DA0089CF2008DA0089CF2408A8
:20674000DA0289CF250882FF89CF2609DA0089CF2A0900902040404C405DCCD5F80F6D003D
:20676000C30F022802846D00BF0E14FFB70F01F034FF09DF58086E03DA003C02DA0114F0B0
:2067800037F081F134FF02846D00CE0F820809D4100909A4BC096DFF54FD370268F037F8EE
:2067A0000880DA0F37F80485DA0037F8828C09DF59086E03DA013C02DA0037F8818DDA01D4
:2067C00037F8048E68484CD489CF0819820009DFC6086E043BF01FF03C02DA0037F0090083
:2067E000820109DFC408EE0409DF66086E02821137108104820109DFC208EE0409DF6608CE
:206800006E0282113710010509DF5B0837F0020809DF5C0837F0020909DF680837F0020DA0
:2068200009DF690837F0020E685009DEA009BD0E3B00D4EFBCFF0CE409E85508C814088456
:2068400008C5A6F56DFFF0FAC814088402856DFF1DFBCCE2BCFF0CEC09E85508C8140884F0
:2068600008C5A6F56DFFE0FAC814088402856DFF0DFBCCE4BD0F180009EF140809E8550811
:20688000C8140884370F68506DFFCEFAC814088402856DFFFBFAD4F2D4F40C4408C0370F22
:2068A00003F02C24D80FECCAF4CCDA006CC1A00FECC2910000F8D9FF5E26ECC5910000F8B5
:2068C000D9FF6246ECC609DF66086E0C910000F8D9FFC426ECC7910000F8D9FFB8F6ECC8F5
:2068E0003C0B910000F8D9FFEEE6ECC7910000F8D9FFD4E6ECC8910000F8D9FFF696ECC9F8
:2069000009DF6608DF0F8C00DA0189CF061849A4000A9110005F6DFFB4F749A4040A49A55F
:20692000000A6DFFFBF709DF250889CF051809CF05182CA8DA0089AF2708DA0189AF34080C
:20694000DA0089AF0A09DA0089AF2A08DA0089AF2F08DA00ACAFDA0089AF2308D80F49FFE4
:20696000241A80FF89AF0E09DA0089AF2D08DA0189AF3008DA0089AF2108DA0089AF220802
:20698000DA0089AF20080CD889AF3A0809DFC40889AFB80849C4380A49A5040A6DFF73F792
:2069A00009DF240889CF041809CF04182CA8DA0089AF2708DA0189AF3408D80F49FF102A8E
:2069C00080FF89AF0A09DA0089AF2A08DA0189AF2F08DA0089AF0E09DA0089AF2D08DA0015
:2069E00089AF3008DA00ACAFDA0089AF2108DA0089AF2208DA0089AF2308DA0089AF200804
:206A00000CD889AF3A0809DFC20889AFB80849C42C0A49A5040A6DFF36F73C04DA0089CF24
:206A20000618BBF0FFFFD80F89FF141909CF46186E4509A4BC096DFF82FC914000FFD9FF06
:206A40001068538221F010FF3C01823009DF2508370F70F014F1370F68F037F108F034FF29
:206A6000081F370F82F12CF1083F96022CF3081F96042CF109A4BC096DFF61FC914000FF32
:206A8000D9FF1068538221F010FFB04F3C01823009DF2408370F70F014F1370F68F037F13E
:206AA00008F034FF081F370F82F12CF1083F96022CF3081F96042CF13C6D09DFC4086E21E6
:206AC00009A4BC096DFF3BFC914000FFD9FF1068538221F010FF3C0109D0480809DFC40872
:206AE00014F1370F68F037F108F034FF081F370F82F12CF1083F96022CF3081F96042CF1C7
:206B000009DFC2086E2209A4BC096DFF18FC914000FFD9FF1068538221F010FFB04F3C01F0
:206B200009D0480809DFC20814F1370F68F037F108F034FF081F370F82F12CF1083F9602A8
:206B40002CF3081F96042CF109DFC6086E2309A4BC096DFFF4FB914000FFD9FF106853822F
:206B600021F010FF49FF080A3C0109D0480809DFC60814F1370F68F037F108F034FF081F62
:206B8000370F82F12CF1083F96022CF3081F96042CF1D80F09FF5308960189FF130800902F
:206BA000404F405C40F46D00E321E85CDA0089FF1808DA0089FF1908DA0089FF1A08DA005E
:206BC00089FF1B08DA0089FF1C08DA0089FF2808DA0089FF2908A002E88282FF89FF24081E
:206BE00082FF89FF2508DA0089FF2608BB00C2FB9BEFC3F46CF40090911000CF0948041849
:206C00006DFF3DFC402F530822F010C2392F1E02370F61F18B0F2002DF100D80530822F05C
:206C200010C2530822F010C4394F1F029604E92F1F023C01DF00110009FF00196E0609F208
:206C4000801940F42D020000084FB70F01F02CF4D4F46D001A02530822F010CF39FF1E0215
:206C6000370FE1F18B0F20F25E1C530822F010CF530822F010C2392F1F029604E9FF1F021F
:206C80003C010090404C40C46DFFF9FB402F9110005F09C1051809C6A80949F7100A5301B3
:206CA00022F01052392F1E02370FE1F18B0F2002DF100D80530122F01052530122F01054F6
:206CC000394F1F029604E92F1F023C01DF001A00530122F0105F39FF1E02370F61F18B0FA3
:206CE00020F25E1C530122F0105F530122F01052392F1F029604E9FF1F023C011D00BC0029
:206D000009FF49181E1509FF4918DF3F2580530122F0105F39FF1E02370F61F18B0F20F23A
:206D20005E1C530122F0105F530122F01052392F1F029604E9FF1F023C01534120F0105FC0
:206D4000534120F01052392FC2819602E9FFC2811D00920009FF4918DF4F2480530122F06F
:206D6000105F39FF1E02370F61F18B0F20F25E1C530122F0105F530122F01052392F1F0268
:206D80009604E9FF1F023C01534120F0105F534120F01052392FC2819602E9FFC2813C6BE5
:206DA000530122F01052392F1E02370F61F18B0F2002DF100D80530122F01052530122F085
:206DC0001054394F1F029604E92F1F023C01DF00530088AFBF2F5000530122F010525301D3
:206DE00022F01054394F1F029604E92F1F02534120F01052534120F01054394FC281960230
:206E0000E92FC281547FEE0C48CF8210370F01F0896F201909FF0C19896F24193C2C48CF58
:206E20008210370F01F0896F201909FF4618FF9F0A80D47288AF102F09FF7FF8896F24195A
:206E40003C1A09F04618DA103F0F0D8088AFC2FF532F20F0D47F10FF09FFC008896F2419CF
:206E60003C0A88AFC2FF534F20F0D47F10FF54FF896F24190090404C09C2A809092FC01890
:206E80008FFF1F813C01BBF0FF0F8920141940C46DFFF5FA402F911000DF6F08070009FF24
:206EA0004A18960189FF0A186F18070009FF4A18960289FF0A186F28070009FF4A18960453
:206EC00089FF0A186F78070009FF4A18968089FF0A186F38070009FF4A18960889FF0A1890
:206EE0006F48070009FF4A18961089FF0A186F58070009FF4A18962089FF0A186F680700A4
:206F000009FF4A18964089FF0A18DF08110009FF00196E0609F2801940F42D020000084FAC
:206F2000B70F01F02CF4D4F46D00AF0009CF46186E3109C00418530022F010DF39FF1E0230
:206F4000370F61F18B0F20F25E1C530022F010DF530022F010D2392F1F029604E9FF1F02AC
:206F60003C0109C00518530022F010DF39FF1E02370F61F18B0F20F25E1C530022F010DF30
:206F8000530022F010D2392F1F029604E9FF1F023C010090404F40F46DFF71FA0925AC0934
:206FA00040242D050000484FC21F6CF40090404F40F46DFF64FA0925A80940242D050000D1
:206FC000483FC21F6CF30090DA01494F0408EE0382023C0282123C010090404FD4F2D4227C
:206FE0000924A80949FC180A094F4218370FE3013C0188EF0B0F80F1370F508054CFEE0A00
:2070000082003C05094110293C01C2103F80FC7F3C2609F04618FF900B80D4C502846DFF83
:20702000BFF9D4C201280026F4C23C1909F04618DA103F0F0C80D4C502846DFF9DF95328F1
:2070400020F0D4C21022F4C23C0AD4C502846DFF9DF9534820F0D4C21022F4C288EFA28F6A
:20706000ACFE88EFEE1009FF00196E0609F2801940F42D020000084FB70F01F02CF4D4F46F
:207080006D0003000090DA006C4100902008404F49FD100AD4F2D42C09CF4618DF0F7E0258
:2070A000911000EF09C4A809F4A46DFF48F9538221F03C0109C8051809C904184DC0E2FF90
:2070C000370FE1F78B0F20A23C010D00400300003C0188AFBF2FE50088AF92F0530822F03C
:2070E00010E2530822F010E4B94F140237007000370F0EF0F92F140209FF4618FF9F108062
:207100008200530822F010E2530822F010E4394F1602370F83F2E92F16023C2109F04618EE
:20712000DA103F0F10808210530822F010E2530822F010E4394F1602370F83F2E92F1602AA
:207140003C0E8220530822F010E2530822F010E4394F1602370F83F2E92F160254DFEE4097
:2071600049F20C1A802FB70F1C007B0000FDFE014DC0E1FF16073C0149F20C1A8020B700A7
:207180000C0AB770030E7B000011E21FA2F03C0449F20C1A8020530822F010E2592008025F
:2071A000820082118222530822F010E219231002370303303713813137230434530822F001
:2071C00010E259231002530822F010E2530822F010E4394F12029610E92F12023C3A54DF58
:2071E000B70F1C007B0000FD7E0F4DC0E1FF16073C0154D0B7000C0AB770030E7B000011AC
:20720000E21FA2F03C0254D0530822F010E259200802820082118202530822F010E2192363
:207220001002370303303713813137230434530822F010E259231002530822F010E253089A
:2072400022F010E4394F1202B70F01F2E92F1202D4A24922241A530822F010E4802F594FD0
:207260000C02820082118202530822F010E21923100237030332371381333723043653085E
:2072800022F010E259231002530822F010E2530822F010E4394F1F029604E92F1F0288A0F8
:2072A000530922F010E2530922F010E4B94F140237007000370F0EF0F92F140209FF46185F
:2072C000FF9F10808200530922F010E2530922F010E4394F1602370F83F2E92F16023C2154
:2072E00009F04618DA103F0F10808210530922F010E2530922F010E4394F1602370F83F2C0
:20730000E92F16023C0E8220530922F010E2530922F010E4394F1602370F83F2E92F160204
:20732000486FEE4049F2101A802FB70F1C007B0000FDFE014DC0E1FF16073C0149F2101A4F
:207340008020B7000C0AB770030E7B000011E21FA2F03C0449F2101A8020530922F010E2C4
:2073600059200C02820082118222530922F010E2192310023703033237138133372304361E
:20738000530922F010E259231002530922F010E2530922F010E4394F12029620E92F1202BF
:2073A0003C3B486FB70F1C007B0000FDFE004DC0E1FF8F7F00013C01486FB70F0CFAB77F55
:2073C000031E7B0000F1E2F0A2013C024861530922F010E259210C028200821182025309E7
:2073E00022F010E219231002370303323713813337230436530922F010E2592310025309F0
:2074000022F010E2530922F010E4394F1202B70F81F2E92F1202530922F010E2530922F037
:2074200010E4394F1F029604E92F1F02BBF0FFFFD4A4894F14196DFF82F79140002FD922D6
:207440001068538221F010223C010C2396022C23D4A46DFF74F79140002FD92210685382B2
:2074600021F01022B0423C010C2396022C23D4A46DFF65F79140002FD9221068538221F0EB
:2074800010224922080A3C010C2396022C23530922F010E2530922F010E4394F1F029604E5
:2074A000E92F1F02534920F010E2534920F010E4394FC2819601E92FC28188AFBF2F2B0048
:2074C000530822F010E2530822F010E4394F1F029604E92F1F02534820F010E2534820F028
:2074E00010E4394FC2819601E92FC28109FF4818EE0948CF8200370F01F0D4AF89FF201968
:207500003C0848CF8210370F01F0D4AF89FF20193C3F54DFEE0E48CF8210370F01F0D4A203
:20752000892F201909FF0C19D4AF89FF24193C3048CF8210370F01F0D4A2892F201909FF2A
:207540004618FF9F0B80D4D288AF102F09FF7FF8D4AF89FF24193C1C09F04618DA103F0FDA
:207560000E8088AFC2FF532F20F0D4DF10FF09FFC008D4AF89FF24193C0B88AFC2FF534F38
:2075800020F0D4DF10FF54FFD4AF89FF241976A30D0000031D00EE0088AFBF1FEB00D4F284
:2075A000D422092CA80909FF7308370F644209CF421816073C018B4F000109FF47185E1242
:2075C000C2F088AF7E02C2F088AF0B0F80F1370F5080BF18CF0088AF5280A8A088AFEE0399
:2075E00082113C02820109FF4718DE11BF28100088AF6E0D4DC0E20F3700E1078B002092DE
:207600003C010D00400300003C013C084DC0E20F3700E1078B0020923C0109FF4718DE146C
:20762000820089F0071809FF4818EE0848CF8200370F01F089CF20193C0748CF8210370F3F
:2076400001F089CF201954DFEE1E09F00C19DF01130082013C0489C02419C2119AF83FF17A
:20766000FC7F48CF8211371F01F089CF201989C024193C08DA003C0489C02419C21F3F8FF4
:20768000FD7F3C7409FF4618FF9F2480DF011800BF280800D4D59AF840C402F56DFFD1F6C6
:2076A00048CF8210370F01F089CF2019D4DF01F800F609FF7FF889CF24193C06D4D540C4B4
:2076C00002856DFFBEF6D4DF01F800F6F4DF3C4E09F04618DA103F0F2780DF011A00BF28ED
:2076E0000800D4D59AF840C402F56DFF89F648CF8210370F01F089CF2019C2F8532820F0AB
:20770000D4DF10FF09FFC00889CF24193C0BD4D540C402856DFF74F6532820F0D4DF10FFA4
:20772000F4DF3C24DF011900BF280800D4D59AF840C402F56DFF75F648CF8210370F01F041
:2077400089CF2019C2F8534820F0D4DF10FF54FF89CF24193C0BD4D540C402856DFF61F64B
:20776000534820F0D4DF10FFF4DF76930D00000300902008404D49DF100AD4D2D42C8CDA1D
:2077800082404B0F0102F6188CDA82404B0F0102370068F03C088CDA82404B0F01023700A8
:2077A00068F0C21F370F688009DF49189E4B8CDA3B0001004B0F0102F6198CDA3B00010080
:2077C0004B0F0102370068F03C098CDA3B0001004B0F0102370068F0C21F42F8C2F83708D6
:2077E000688009CF4618DF0F2102911000EF09C4A809F4A46DFFA3F5538221F03C0109C9BB
:20780000051809CA04184DC0E2FF370FE1F78B0F20B23C010D00400300003C01530922F0AC
:2078200010E2530922F010E4B940140237800E00F92014028220530922F010E2530922F081
:2078400010E4394F1602370F83F2E92F160254FFB70F1C007B0000FD7E0F4DC0E1FF160765
:207860003C0154F0B7000C0AB770030E7B000011E21FA2F03C0254F0530922F010EF59F02B
:207880000802820082118202530922F010EF19F31002370303303713813137230434530963
:2078A00022F010EF59F31002530922F010EF530922F010E2392F1202B70F01F2E9FF12025B
:2078C00009DF49189E4DD4AF49FF1C1A530922F010E280FF592F0C02820082118202530909
:2078E00022F010EF19F31002370303323713813337230436530922F010EF59F31002530931
:2079000022F010EF530922F010E2392F1F029604E9FF1F028CDA82404B0F0102F6188CDAD1
:2079200082404B0F0102370068003C088CDA82404B0F010237006800C210530A22F010EFE1
:20794000530A22F010E2B92F140237007000370F0EF0F9FF14028220530A22F010EF530A62
:2079600022F010E2392F1602370F83F2E9FF16024CD6EE4049DF101A80FFB70F1C007B004A
:2079800000FDFE014DC0E1FF16073C0149DF101A80F0B7000C0AB770030E7B000011E21F50
:2079A000A2F03C0449DF101A80F0530A22F010EF59F00C02820082118222530A22F010EF47
:2079C00019F31002370303323713813337230436530A22F010EF59F31002530A22F010EF4E
:2079E000530A22F010E2392F12029620E9FF12023C3C4CD6B70F1C007B0000FDFE004DC0F9
:207A0000E1FF8F7F00013C014CD6B70F0CFAB77F031E7B0000F1E2F0A2013C0309D11809DA
:207A2000530A22F010EF59F10C02820082118202530A22F010EF19F31002370303323713A2
:207A4000813337230436530A22F010EF59F31002530A22F010EF530A22F010E2392F1202C7
:207A6000B70F81F2E9FF1202530A22F010EF530A22F010E2392F1F029604E9FF1F02BBF02B
:207A8000FFFFD4A4894F14196DFF59F4914000FFD9FF1068538221F010FF3C01083F960281
:207AA0002CF3D4A46DFF4BF4914000FFD9FF1068538221F010FFB04F3C01083F96022CF335
:207AC000D4A46DFF3CF4914000FFD9FF1068538221F010FF49FF080A3C01083F96022CF3E8
:207AE000530A22F010EF530A22F010E2392F1F029604E9FF1F02534A20F010EF534A20F032
:207B000010E2392FC2819601E9FFC28109DF4918DF3F308009D09408DA103FF00A0009D07E
:207B2000F208DA0F37F085F389DFB2083C0B09D0F2088CDAC2FF370F70F037F085F389DFB3
:207B4000B20809D09408DA103FF0090009DF7008B70F01F089DF30083C0609DF70089601E4
:207B600089DF300809DF7208964089DF32083C3709DF4918DF1F248009D09408DA103FF09F
:207B80000A0009D0F208DA0F37F085F389DFB2083C0B09D0F2088CDAC2FF370F70F037F050
:207BA00085F389DFB20809DF7008960189DF300809DF7208964089DF32083C1109DF70080D
:207BC000960189DF300809DF7208964089DF320809DFF208B70F85F389DFB208530922F0E4
:207BE00010EF530922F010E2392F1F029604E9FF1F02534920F010EF534920F010E2392F49
:207C0000C2819601E9FFC28109DF49181E464CDCD4AF89FF1C193C054CDCD4AF89FF20199D
:207C200076B30D0000033C010090913000FFD9FF300654F8370864F0EE0382023C096D006A
:207C40003E00370864F04B0F41F14BF251203C010090913000FFD9FF300654F8370864F29D
:207C6000EE0382023C096D002A00370864F24B0F41F14BF251203C01009002486D0050010F
:207C80008200DA003E84DA013E873C0B913000FF19F000263C08913000FF19F004263C037A
:207CA00082023C0176094B0061F17B0028044B0F51F04BF241203C0100906D00DA00913032
:207CC00000FF39FF3106370F6402DA003E0CDA01BE0BDA02BE0EDA035F0F2100DA045F0F62
:207CE00023003C26913000FF39FF0C16160FEE023C0A913000FF39FF0C16160F4B0F41F1BF
:207D00004BF251203C177B0017F44BF251203C127B001FF44BF251203C0D7B0027F44BF288
:207D200051203C087B002FF44BF251203C0382023C013C010090910000F6D9FF282054FF7B
:207D40004B0F61213C010090913000FF39FF3706370F62F2EE06BB00C22B9BE2CB243C1156
:207D6000913000FF39FF3706370F62F25E19910000F6D9FF282054FF4B0F61213C02820225
:207D80003C010090913000FFD9FF00066DFFDEFF09FF640816015E1A09FF6E08167FC21F38
:207DA0004B0F41F14BF251203C2409FF6408370FE1F15E1EBB00C20B9BE0CB0409FF6C08D3
:207DC000167FC21F4B0F41F14BF051203C1209FF6908370FE5F0C21F4B0F41F14BF2410028
:207DE00009FF6C08167FC21F4B0F41F14BF051203C010090913000FFD9FF00066DFFA6FFDD
:207E000009FF540816015E1A09FF5E08167FC21F4B0F41F14BF251203C2909FF5408370F42
:207E2000E1F15E1EBB00C20B9BE0CB0409FF5C08167FC21F4B0F41F14BF051203C1709FFAD
:207E40005908370FE7F0C21F4B0F41F14BF2411009FF5C08167F921009FF5B08160FC21F95
:207E6000E2F04B0041F14BF151203C010090913000FF39FF3306370F62F282003E04821018
:207E80003E083C0ABB00C22B9BE2CB243C013C066DFFB2FF3C0382023C013C0100906DFF6D
:207EA000E8FF913000FF39FF3106370F6402DA003E0CDA01BE0CDA02BE0FDA035F0F220021
:207EC000DA045F0F24003C27913000FF39FF3206160FEE0382023C0A913000FF39FF32068F
:207EE000160F4B0F41F14BF251203C177B001FF44BF251203C127B0027F44BF251203C0DB9
:207F00007B002FF44BF251203C087B0037F44BF251203C0382023C013C0100906DFFA9FF9C
:207F2000913000FF39FF3106370F6402DA003E0CDA01BE0CDA02BE0FDA035F0F2200DA04A9
:207F40005F0F24003C27913000FF39FF3106160FEE0382023C0A913000FF39FF3106160FC9
:207F60004B0F41F14BF251203C177B001FF44BF251203C127B0027F44BF251203C0D7B00E2
:207F80002FF44BF251203C087B0037F44BF251203C0382023C013C010090404F8208910001
:207FA0000026D922282009FF0819742F6D009C0302296D00AD03022A02946D0095029130B1
:207FC000002F392F3046370FE1B19130002F392F304696089130002FE92F304602946D00CF
:207FE000A30302A46D00A8023C019130002F392F3306370FE1F3EEFA9130002F392F3306BD
:20800000B70F02F29130002FE92F33069130002F392F330696409130002FE92F33069130FC
:20802000002F392F180696109130002FE92F18063C019130002F392F3306370FE1F3EEFAEF
:208040009130002F392F3706B71F02F29130002FE92F37069130002F392F37069640913050
:20806000002FE92F37066D00B001A62802A46D008203DF087E8102A46D005E023C019130A1
:20808000002F392F1406370FE1F26EFA9130002F39201C0608AF37F007F09130002FE92F66
:2080A0001C069130002F39201B06088F37F004F09130002FE92F1B069130002F39201906F1
:2080C000089F37F087F09130002FE92F19069130002F392F180696409130002FE92F1806C2
:2080E0009130002F392F1A06B70F01F09130002FE92F1A069130002F392F1806962091303C
:20810000002FE92F18069130002F392F1A0696019130002FE92F1A069130002F392F1A064B
:2081200096049130002FE92F1A06BB70714B9B1485436D00A7013C019130002F392F14065B
:20814000370F61F16EFA9130002F392F1806B70F01F09130002FE92F18063C019130002F9F
:20816000392F3306370FE1F3EEFA9130002F392F3306B71F02F29130002FE92F33063C0183
:208180009130002F392F3306370FE1F3EEFA48346D0078019130002F19203006485F82F171
:2081A000C61F26F0485F4841261FA6F0DA0137F0020EDA0137F0010F9130002FD922300674
:2081C00074203C019130002F392F3706370FE1F3EEFA9130002F19203406487F82F1C61FB5
:2081E00026F0487F4861261FA6F0DA0137F0020EDA0137F0010F9130002FD9223406742041
:208200003C019130002F392F0316370FE1F3EEFA9130002F19200016489F82F1C61F26F01A
:20822000489F4881261FA6F0DA0137F0010F9130002FD922001674203C019130002F392F77
:208240000F16370FE1F3EEFA9130002F19200C1648BF82F1C61F26F048BF48A1261FA6F06C
:20826000DA0137F0010F9130002FD9220C1674209130002F1920002648DF82F1C61F26F067
:2082800048DF48C1261FA6F09130002FD922002674209130002F1920042648FF82F1C61F3C
:2082A00026F048FF48E1261FA6F09130002FD9220426742002A46D005E029100802F192FB9
:2082C000140209F0041982F1C610260F09F0041982F1C610260F09F0041909F10019261001
:2082E000A60F02946D0000019100802FD9221402742F02946D001802820C3C3702A46D00A0
:208300001B013C019130002F392F1406370FE1F26EFA9130002F39201C0653CC20F0C8129D
:208320001022142F37F007F09130002FE92F1C0602A46D00200253CC20F0C81210224C22A2
:208340006E0953CC20F0C8121022092288092D02000053CC20F0C8121022092402096D00A0
:208360009100C21C370C68C014FF3FFCC9FF02A46D00E200913000FF39FF1806B70F01F348
:20838000913000FFE9FF180602A46D00F40102946D00AA00913000FF39FF2C469608913099
:2083A00000FFE9FF2C46913000FF39FF304637BF81F1913000FFE9FF304602946D00B401B8
:2083C00002823C0100903B00288082096D008C01022A913000FF39F01006B70082029130BD
:2083E00000FFE9F01006913000FF39F01206910000F6D9FF282054F13B005AF29B6F02F01F
:208400004BF111229AF2370F68F037F005F0913000FFE9FF1206913000FF39FF100696043F
:20842000913000FFE9FF10063C05C2F8F68382193C0D913000FF39FF10066F1FF87F913052
:2084400000FF39FF11066F0FF27F02A46D004C00913000FF39FF2C469608913000FFE9FFD0
:208460002C46913000FF39FF30469608913000FFE9FF304602A46D00570102923C01009094
:2084800002486DFFF6FC913000FF39FF3506160F4B0F41F14BF251F03C014B8F41F04B0F30
:2084A00071F185F110003C0185F01000A2103FF0FDFF0090DA018B0401000F0F10F091305B
:2084C00000FF59FF24860090DA010F4F00F0913000FF19F0208626F0760382123C0282028E
:2084E0003C0100904DC0E1FF16073C0153CF20F060FF9130003F30F3D93F004654FF2E1BBA
:208500008F2420F0960154F0370070088F002100A60F74FF86248F2440F154F037007008B5
:208520008F002100A60F74FF3C0154FF1601DF1FFE7F0090913000FF19FF30366F1F1200D3
:208540008F2420F09601913000FF19F03036370070088F002100A60F913000FF59FF303600
:2085600086248F2440F1913000FF19F03036370070088F002100A60F913000FF59FF3036AC
:208580003C01913000FF19FF30361601DF1FFB7F00904DC0E1FF16073C01913000FFD9FF62
:2085A000004653CF20F010FF54FF2E1B8F2420F0960154F0370070088F002100A60F74FF73
:2085C0008F2420F0960254F0370070088F002100A60F74FF3C0154FF1601DF1FFE7F084FFC
:2085E00096082CF454FF2E1B8F2420F0960154F0370070088F002100A60F74FF86248F348F
:2086000040F154F0370070088F002100A60F74FF3C0154FF6F0FFF7F0090913000FF19FF6A
:2086200030366F1F12008F2420F09601913000FF19F03036370070088F002100A60F9130D6
:2086400000FF59FF30368F2420F09602913000FF19F03036370070088F002100A60F9130FE
:2086600000FF59FF30363C01913000FF19FF30361601DF1FFB7F913000FF39FF3436960833
:20868000913000FFE9FF3436913000FF19FF30366F1F12008F2420F09601913000FF19F0C7
:2086A0003036370070088F002100A60F913000FF59FF303686248F3440F1913000FF19F05B
:2086C0003036370070088F002100A60F913000FF59FF30363C01913000FF19FF30366F0FA9
:2086E000FC7F00904DC0E1FF16073C0153CF20F060FF9130003F30F3D93F004654FF370F7D
:208700006EF18FFF83213C013C010090913000FFD9FF303654FF370F6EF18FFF83213C0159
:208720003C0100904DC0E1FF16073C0153CF20F060FF9130003F30F3D93F004654FF2E1B77
:208740008F2420F0960154F0370070088F002100A60F74FF86248F3440F154F03700700863
:208760008F002100A60F74FF3C0154FF6F0FFF7F0090913000FF19FF30366F1F12008F2474
:2087800020F09601913000FF19F03036370070088F002100A60F913000FF59FF30368624C7
:2087A0008F3440F1913000FF19F03036370070088F002100A60F913000FF59FF30363C01C7
:2087C000913000FF19FF30366F0FFC7F0090F647094F40189601894F00183C08DF140780A0
:2087E000094F40189604894F00180090F647094F7C089601894F3C083C08DF140780094FCD
:208800007C089610894F3C080090FF240B00538420F0910000F8D9FF7CE110FFD4F23C029C
:20882000A0023C01009082F282003C17538020F0910000F8D9FF7CE110FFD4FF7D4F0D80A4
:20884000538020F0910000F8D9FF7CE110FF481F370F48203C04C210BF20EAFF3C010090AC
:20886000404C405F09C0380909C13C0914FFEE0C083F37F00500082F37F00504081F37F17E
:20888000011182183C0F14FF5E1C083F37F00508082F37F0050C081F37F1011382183C022F
:2088A000820889C13C0989C0380940C46DFFBDFF09FFC8086E26081FEE099140002FD92264
:2088C0005028538220F010223C099140002FD9225028538220F01022B04208A009FFC808C8
:2088E0001421370F68F037F108F0342F0C21370F82F12C210C2396022C230C2196042C21C5
:2089000008264CC4820102F009C32C0982020F20A0400F31A0503C016DFF22D13C0114FFF4
:20892000534F20F010C28922300914F440C46DFF50FF14F440C46DFF5BFF08264CC4820175
:2089400002F009C32C0982020F20A0400F31A0503C016DFF05D13C0114FF534F20F010C20E
:20896000481F42F28922300902823C010090025FC234B7040200370050808BC801008B80AD
:2089800000406D003D24BC2640240B8F10486D0004003C010090C234B70402F0370F50001A
:2089A000DA00894F1808DA01894F1908804F8BCF01F0C27FB70F03F0744FDA00AC42DA0098
:2089C000AC47DA00894F0A09894F0609DA00AC49AC48894094088945960840423C01009015
:2089E0006D00F7316D0043316D008F266DFF9DD26D006212910000F6D9FFC40082046D000D
:208A00004012B4F26D001F126D0007076DFF98D782043B803E506D00BE3A82143B8038515C
:208A20006D00B93A3B6028408205821682176D00493A3B7028408205821682176D00423A77
:208A40003B2016408205821682176D003B3A3B3016408205821682176D00343A3BB042400A
:208A60008205821682076D002D3A910000F6D9FF2C20DA0134FF0090404F91000026D922F0
:208A8000EC10DA04B42F91000026D922E810DA04B42FDA062CFCDA002CFDDA032CFEDA00C2
:208AA00089FF100891000026D92224B0E85291000026D92218B0E86291000026D92200B030
:208AC000E87291000026D9224C50E88291000026D9226450E89291000026D9221070F4F28C
:208AE00091000026D9220CB0E812A002E82291000026D92278A089F2A83949F4300A08C4F9
:208B0000821509F5A8396D00AF0391000026D92250B089F2AC3949F4380A08C4821509F5CE
:208B2000AC396D00A103A00289F2B03991000026D92268B089F2B43949F4081A08E4821525
:208B400009F5B4396D00900391000026D92228B089F2B83949F4101A08C408C509F5B83945
:208B60006D00820391000026D92238D089F2BC3949F4181A08C408C509F5BC396D007403FA
:208B800091000026D922005089F2804991000026D922302089F2844949F4201A08C408C535
:208BA00009F580496D00600349F4281A08C408C509F584496D005803A00289F288499100F4
:208BC0000026D922308089F28C4991000026D922287089F2904949F4381A08E408C509F590
:208BE0008C496D00410349F4002A08C408E509F590496D00390391000026D922480089F2DA
:208C0000944949F4082A08C408C509F594496D002B0391000026D922582089F2984949F436
:208C2000102A08E408E509F598496D001D0391000026D922389089F29C4949F4182A08C490
:208C400008E509F59C496D000F0391000026D9227C2089F2A04991000026D922787089F2FE
:208C6000A44991000026D922685089F2A84991000026D92260A089F2AC4991000026D9225D
:208C800048A089F2B04949F4202A08C408C509F5A0496D00E90249F4282A08C408C509F5F3
:208CA000A4496D00E10249F4302A08C408C509F5A8496D00D90249F4382A08C4821509F510
:208CC000AC496D00D10249F4003A08C4821509F5B0496D00C902DA0089FF2808DA0089FF62
:208CE0002908DA0089FF2A08DA0089FF2B08DA0089FF2C080090404F08FFDF0FBC00DA00DA
:208D000089FF100809F4B439C81591000026D922EC100924C00808EFE2F46D00F422C8141D
:208D2000820491000026D922EC100925C00808EFE2F56D001A2309F4984982049100002676
:208D4000D922EC100920C00808EFE2F008EF73F00A506D000A2309F48C4982049100002605
:208D6000D922EC100920C00808CFE2F008EF73F00A506D00FA2282023C3C534220F009F289
:208D8000B439102254203700E80B8B0020F26E2E09F05008534020F009F2B439102253423A
:208DA00020F009F4B439104454407420C89209FF50081022342208CF09F05008C852012296
:208DC00000261421030F0A01C2F0534020F009F28C491022534220F0C8641044544F742F59
:208DE00009FF5008C21F89FF1008C2123702682008EF3FF2C4FF82003C1709FF500803F0EA
:208E00000AF0534F20F009F298491022C89401400046144F534F20F0C8741044544F742FCA
:208E2000C2103700680009FF50083FF0E8FF09FF500889FFB81808CF89FFBA1808CF89FF03
:208E4000802809FF500889FF822809FF500889FF902809FF500889FF922808CF89FF982877
:208E600009FF500889FF9A2809FF500889FF88183C1A09F4B439C81591000026D922EC10F5
:208E80000924C00808EFE2F46D003D22C814820491000026D922EC100925C00808EFE2F570
:208EA0006D0063220090404F09FF6C08EE2F09FFD82889FFA82809FFFA1889FFAA2809FF2C
:208EC000E82889FFB02809FFDA1889FFB22849F4182A49F5381A49F6282A6D003F0389F2FC
:208EE000083849F4282A49F5181A49F6302A6D00350389F2083849F4181A49F5302A49F6F4
:208F0000101A6D005F0389F208380090404F09FF6908EE2F49F4201A49F5281A6D006A0317
:208F200089F2083849F4201A49F5101A49F6181A6D00140389F2083809FFD81889FFA82897
:208F400009FFEA1889FFAA2849F4181A49F5281A49F6282A6D00020389F2083849F4282A71
:208F600049F5082A49F6181A6D00660189F208380090404F09FF6A08EE6349F4381A49F5CA
:208F8000002A6D00370389F2083809FFF81889FFA82809FFDA1889FFAA2849F4381A49F5B4
:208FA000181A49F6282A6D00D90289F2083809FFE82889FFB02809FFC22889FFB22849F4E2
:208FC000282A49F5002A49F6302A6D00C70289F2083809FFD02889FFA02809FFD22889FF73
:208FE000A22849F4302A49F5102A49F6202A6D00230189F2083849F4202A49F5302A6D0037
:20900000390189F2083809FFD81889FFA82809FFC22889FFAA2849F4181A49F5002A49F6A9
:20902000282A6D009B0289F2083849F4282A49F5302A49F6182A6D00910289F20838009026
:20904000404F40F46DFF59FE09FF0C396E0609F28C3940F42D02000040F46D009C0009FF61
:2090600010396E0609F2903940F42D02000040F46DFF4EFF09FF14396E0609F2943940F45A
:209080002D02000009FF5008EE0308FFEE1B40F46DFF71FF09FF18396E0609F2983940F463
:2090A0002D02000040F46D00850009FF1C396E0609F29C3940F42D02000040F46DFFF5FEC4
:2090C0003C2009F4A83909F5AC3991000026D922EC100924C00808CFE2F46D00142109F484
:2090E000B83909F5BC3991000026D922EC100920C00808CFE2F008CF73F00A406D0003212F
:2091000009FF20396E0609F2A03940F42D02000082003C2508CF03F00AF0534F20F009F2EF
:20912000B83910225421534020F0C8821022542F4BF101F0370F61F06E0F08CF03F00AF0F0
:20914000534F20F009F2B8391022534020F0C8841044544F742FC2103700680008CF3FF03F
:20916000DBFFD4F409F5A83991000026D922EC100924C00808CFE2F46D00C52009FF243967
:209180006E0609F2A43940F42D020000D4F23C010090404F09FF6808EE0B49F4201A49F5D8
:2091A000300A49F6380A6D00D90189F208380090404F09FF6B08EE3E09FFF81889FFB828AC
:2091C000DA0189FFBA2849F4381A49F5380A49F6382A6D00C30189F2083809FFC81889FF3E
:2091E0008038DA0189FF823849F4081A49F5382A49F6003A6D00E60189F2083809FFD8280B
:2092000089FFB828DA0189FFBA2849F4182A49F5003A49F6382A6D00A10189F2083849F402
:20922000380A49F5382A49F6300A6D00050089F208380090CC410952840909658409094FCE
:20924000C0080940C208E20F3C0A54F054216B0121007450B042B04FB045C2FFEEF78202E2
:209260003C010090B44489458208894584090090CC510942C0080943C20882058204022F62
:209280003C170BF280003C05820174F1B04FC2F0FF10FCFF7B00F80374F0B04F92F03C057E
:2092A000820174F1B04FC2F0FF10FCFFC2FFEEEA82071D0031010940C20803700A07534070
:2092C00020F0CC4110FF54F902788B1700003C160941C20803010A17534120F0CC4110FFAE
:2092E00054F1B701815FB709816F4B650150370561F16E030B011088C2103F20EBFF3709E2
:20930000E8FB8B0F20F26E395F783800CC41094284090940C2080B70801003070AF7534F58
:2093200020F010FF03080AF7534F20F01022DA003C0854F0542474F4B04F7420B042C21F76
:209340003F1FF97FCC51095284090950C20873070AF0534F20F010FFE208534820F0102213
:20936000DA003C0854F1542474F4B04F7421B042C21F3F0FF97F8214DF1409003709E8FBC8
:20938000BA0F6E0482B21D00E8007B00F8F34B9F5150CC41094FC208527003F70AF7534FDA
:2093A00020F010FFDA003C0754F14B51411074F1B04FC21F3F0FFA7FCC510950C208730779
:2093C0000AF0534F20F010FFDA003C0754F14B51411074F1B04FC21F3F0FFA7F82063C4A69
:2093E000094FC208036F0AF7534F20F0CC4110FF54F5CC41094284090940C2080B7080804E
:209400005347201073060AF0534F20F010FF01F100F653472010E270534020F01022012153
:209420000026DA003C0954F054216B15710074F0B042B04FC21F3F8FF87FCC5109528409BD
:209440000950C20873060AF0534F20F010FF73070AF0534F20F01022DA003C0954F154287D
:209460006B85711174F1B042B04FC21F3F0FF87FC2163F76B7FF8B1700803C4A0940C20880
:2094800003800A07534020F0CC4110FF54F5CC41094284090940C2080B70809053472010E3
:2094A00073080A60534620F010FF01F100F653472010E270534020F0102201210026DA0014
:2094C0003C0954F054216B15710074F0B042B04FC21F3F9FF87FCC51095284090950C208EA
:2094E00073080AF0534F20F010FF73070AF0534F20F01022DA003C0954F154266B657111AE
:2095000074F1B042B04FC21F3F0FF87FC2183F28B7FFC2173F37D1FE8200DF141C0037056D
:20952000E8FBBA0F6E17CC4182013C0C534120F010F2542F370FE8FB8B0F20F26E023C0672
:20954000C21173320AF03FF1F3FFE2325F21038082B002023C010090CC41095284090966F9
:2095600084090940C0080951C2080942C2088203534320F01064021409578409820540FCAF
:2095800002263C0A54CF54776B7F6155B04C534120F01077C2F6FF16F7FF7445B044C2F482
:2095A0005A41534F20F01027FF14EAFF4213534220F010FFC2F0FF10DDFF82023C01009034
:2095C000CC410952840909658409094FC0080940C208E20F3C0A54F054216B013100745017
:2095E000B042B04FB045C2FFEEF782023C010090CC41095284090940C0080941C208020270
:209600008203534320F0102402143C0854FF744FB04F534020F01044C2F4FF14F9FFC213EF
:20962000C2F2FF12F0FF82023C010090404F688568546B0531F46CFB09FF1419370FE8FB93
:209640008B0F20F26E186B0531F482004B0F01F0AE266B0531F467FFBFFF3C036B0531F415
:2096600009F014194B0F01F0370F61F16E0482021D00AE0009FF1819370FE8FB8B0F20F212
:209680006E186B0531F482004B0F01F0AE266B0531F467FFBFFF3C036B0531F409F0181957
:2096A0004B0F01F0370F61F06E0482021D00900009FF1C19DF3F2E8054FF6B0531044B0FCA
:2096C00041F06CFC481048B148DF6B1061FF6CFD482048B148AF6B0F31F14BF041F06CFE6B
:2096E00049F4340A09F424196D00830048CF48D06B00210F48EF6B0F21F06CFF49F43C0A4B
:2097000009F420196D00750048FF89FF00193C4B09FF1C19DF4F488054F06B05311448AF9F
:209720006B0F31F14BF041F06CFC481F48B04B0F41F06CFD482048B148AF7B0000246B2FD5
:209740007111489F6B0F21F14BF041F06CFE48CF48D06B00210F48EF6B0F21F089FF081909
:2097600009FF08197B00F8034B0F01F0AE2A09FF08197B00F80B4B0F01F0370F61F06E0927
:2097800009FF0C1909F008196B0021FF89FF101949F4101A09F420196D002B0009FF1019E0
:2097A00089FF0C1948AF6CF948BF6CFA487F6CF6488F6CF7484F6CF3485F6CF409FF1C1996
:2097C0005E3348F23C0309F210193C01009054A05801894624198945201989441C198201A9
:2097E00089410C097447894004096C420090544F4B4F01F0370F61F16E0374443C0C544FE1
:209800006744BF0F4B0F01F0370F61F06E046744BFFF744F009020087B0027446D00310B08
:20982000022F82046D002D0BA22F4B0F41817B000A446D00260BDA0074AF7B0022F4780171
:2098400091000046D944E08082344B0261617B003A7402856DFFBDFFDA0074AFDA007801C7
:2098600091000046D944DC3082347B8034547B802C647B000A7C6DFFACFF7B4023446D007D
:20988000000B022F82046D00FC0AA22F4B0F4151DA0074AFDA00780191000046D944C8507A
:2098A00082347B6041647B0010746DFF92FFDA0074AFDA00780191000046D944F01082446C
:2098C0003B0000549BC55954820682076DFF81FF0090DA006C4BDA006C4ADA006C49DA00D5
:2098E000894F0C19DA00894F0819DA00894F0019DA006C4FDA00894F1019DA006C4EDA00EF
:209900006C4DDA006C4C00902018094FAC3954FF74AF094FAC39481F7801094FAC39482FB0
:209920007802094FAC39483F780309A00C0909A10C0909A2080909A3080954A454A509A6D8
:20994000040958014BF641F06B5461FF6B3261FF6B1061FF7B00F0034B0F41103BF09D0552
:209960009B70F30586FFA2F07B00FCF34B0141106B0171FF4BF041F03C01780482003C11F6
:20998000534020F0094FAC3910FF534020F00942AC391022542158044BF141F074FFC21050
:2099A000BF40F0FF094F8049580191000026D92244E019200C804B0F41F07B00F0034B0F51
:2099C00041F06CF4094F8049580291000026D92244E019200C804B0F41F07B00F0034B0F8D
:2099E00041F06CF5094F804954AF67FFBFFF91000026D92244E019200C804B0F41F07B00EC
:209A0000F0034B0F41F06CFA094F8049580391000026D92244E019200C804B0F41F07B0045
:209A2000F0034B0F41F06CFB094F8049580367FFBFFF91000026D92244E019200C804B0FAC
:209A400041F07B00F0034B0F41F089FF0019094F804954AF67FFBFFF91000026D92244E01D
:209A600019200C804B0F41F07B00F0034B0F41F089FF0419094F8049580291000026D922CB
:209A800044E019200C804B0F41F07B00F0034B0F41F089FF1819094F8049580167FFBFFF02
:209AA00091000026D92244E019200C804B0F41F07B00F0034B0F41F089FF1C19094FB83981
:209AC0000942B839092F301991000026D92244E0192020804B0F51F089FF3019094FB83965
:209AE0000942B839092F0C2991000026D92244E0192020804B0F51F089FF0C29094FB8396D
:209B000009FF30193B0000049BC061044B0F01F0370F61F16E09094FB8393B0000F49BCFB9
:209B200061F489FF3019094FB83909FF0C293B0000049BC061044B0F01F0370F61F16E0920
:209B4000094FB8393B0000F49BCF61F489FF0C29009054AF910000F6D9FF44E0821034F045
:209B6000910000F6D9FF44E059F40080910000F6D9FF44E059F50480910000F6D9FF44E0BD
:209B800059F60880910000F6D9FF44E0BB70C70C9BB0220359F01C80910000F6D9FF44E095
:209BA000820089F03848910000F6D9FF44E0D20089F07C49910000F6D9FF44E0D20089F0C9
:209BC0004459910000F6D9FF44E059FF0C807B00F8F34BF701F0370F61F16E037B00F873F9
:209BE000910000F6D9FF44E059F7208091000046D94444E0B0448264820582366DFF3EF720
:209C0000910000F6D9FF44E0D9F4108082148215910000F6D9FF44E0D9F518806DFF24FBC3
:209C20006D005924910000F6D9FF90A094FF910000F6D9FF90A094F0E20F4B0F41F17B000D
:209C4000F813910000F6D9FF98A094F0910000F6D9FF98A094F2E2204B0041017B00F8239C
:209C60004B2041006B1F61406D00531E910000F6D9FF94A094FF4B0F414102256D00A114E4
:209C80000228910000F6D9FF90A094FF325F4B0F4141910000F6D9FF98A094FF4B0F4151F5
:209CA0006D008F140229820A7B0000F44BF851406D002115022F7B0000044B0951406D00F5
:209CC0001A154B2F41B07B0000F44BF851406D00571C022F7B0000044B0951406D00501C59
:209CE0004B2F41F07B0000044B0A51406D00481C4B2F41F0910000F6D9FF44E009FFAC3968
:209D00007B0000044B0A51406D00F5146B2B61FF74FF7B0000F44BF851406D00EC14022F1E
:209D20007B0000044B0A51406D00E5144B2F41B07B0000F44BF951406D00DD14022F7B009F
:209D400000044B0851406D001B1C4B2F41F07B0000044B0A51406D00131C4B2F41F091008F
:209D600000F6D9FF44E009FFAC397B0000044B0951406D00051C4B2B41006B0F31F06CF163
:209D80007B0000F44BF951406D00B514022F7B0000044B0A51406D00AE144B2F41B07B009E
:209DA00000F44BF851406D00A614022F7B0000044B0951406D00E41B4B2F41F07B00000489
:209DC0004B0A51406D00DC1B4B2F41F0910000F6D9FF44E009FFAC397B0000044B085140BB
:209DE0006D00CE1B6B2B61FF6CF27B0000F44BF851406D008014022F7B0000044B095140E0
:209E00006D0079144B2F41B07B0000F44BFA51406D007114022F7B0000044B0851406D00A5
:209E2000AF1B4B2F41F07B0000044B0951406D00A71B4B2F41F0910000F6D9FF44E009FFE4
:209E4000AC397B0000044B0A51406D00991B4B2B41006B0F31F06CF3910000F6D9FF44E063
:209E600091100028D922FEB989F29039910000F6D9FF44E091100028D922884989F29439C3
:209E8000910000F6D9FF44E091100028D922FEC989F29839910000F6D9FF44E0911000281C
:209EA000D92244FA89F29C39910000F6D9FF44E0DA0189FF2E08910000F6D9FF44E0DA019F
:209EC00089FF2F08910000F6D9FF44E009F4844991000058D955DEA13B0009406D00131AC2
:209EE000910000F6D9FF44E009F4BC3991000056D95574B03B0009406D00051A0090404F85
:209F000091000046D94474B009F5B8393B0009406D00F91991000046D944D4B009F59C49DC
:209F20003B8004406D00EF1991000046D944CCA009F58C493B8004406D00E5190090201050
:209F4000404C09C2AC39542F7B0000044B0F41F074AF09CFAC39481F7B0000044B0F41F0E7
:209F6000780109CFAC39482F7B0000044B0F41F0780209CFAC39483F7B0000044B0F41F062
:209F8000780309C48C498204910000F6D9FFEC1009F0C0080CCEE2F00CCC73F00A506D0054
:209FA000E41909CF8C49580267FFBFFF74FF09CF8C4958036CF109CF8C4954AF67FFBFFFCD
:209FC0006CF209CF8C4958016CF309CF8C4958016CF609CF8C4954AF6CF709CF8C4958033B
:209FE0006CF809CF8C4958026CF909CF8C4954AF6CFC09CF8C49580167FFBFFF6CFD09CF0E
:20A000008C49580267FFBFFF6CFE09CF8C4958036CFF00902010027809A9100909AA14093B
:20A02000910000F6D9FF44E091000026D92244E009201C596B00310489F02859910000F608
:20A04000D9FF44E091000026D92244E0092020596B00310589F02C59910000F6D9FF44E06A
:20A0600091000026D92244E0092024596B0031F689FF3059910000F6D9FF44E009FF2859B5
:20A080007B00F0034B0F41F0910000F6D9FF44E019F00C804B0F41F074AF910000F6D9FFA2
:20A0A00044E009FF2C597B00F0034B0F41F0910000F6D9FF44E019F00C804B0F41F07801DA
:20A0C000910000F6D9FF44E009FF30597B00F0034B0F41F0910000F6D9FF44E019F00C805B
:20A0E0004B0F41F07802910000F6D9FF44E009F4844991000058D955DEA13B0009406D0087
:20A100000219910000F6D9FF44E009FF844954AF67FFBFFF6CF1910000F6D9FF44E009FFBD
:20A120008449580167FFBFFF6CF2910000F6D9FF44E009FF8449580267FFBFFF6CF39100B1
:20A1400000F6D9FF44E009FF844954AF6CF6910000F6D9FF44E009FF844958026CF891002C
:20A1600000F6D9FF44E009FF8449580167FFBFFF6CF9910000F6D9FF44E009FF8449580185
:20A180006CFC910000F6D9FF44E009FF8449580267FFBFFF6CFD910000F6D9FF44E009FF8D
:20A1A000844954AF6CFF910000F6D9FF44E009FF8449580289FF0819910000F6D9FF44E086
:20A1C00009FF8449580189FF0C19910000F6D9FF44E009FF844954AF67FFBFFF89FF101974
:20A1E000910000F6D9FF44E089F83459910000F6D9FF44E089F93859910000F6D9FF44E0B5
:20A2000089FA3C59910000F6D9FF44E009FF3459910000F6D9FF44E009F03459910000F67E
:20A22000D9FF44E009F13859910000F6D9FF44E009F238594B2141106B0F61F16BAA61FF8A
:20A240007B00F0034B0F41103BF09D059B70F30586FFA2F07B00FCF34B0141106B0171FF1B
:20A260004BF041F03C017803910000F6D9FF44E07B00F80358034BF051F089FF1079910048
:20A2800000F6D9FF44E0C82F91000026D92244E00920345958034BF041F074FF910000F688
:20A2A000D9FF44E0C82F91000026D92244E00920385958034BF041F06CF1910000F6D9FF98
:20A2C00044E0C82F91000026D92244E009203C5958034BF041F06CF2910000F6D9FF44E027
:20A2E00009FF3059910000F6D9FF44E009F03059910000F6D9FF44E009F12859910000F643
:20A30000D9FF44E009F22859910000F6D9FF44E009F32C59910000F6D9FF44E009F42C59BC
:20A320004B4341306B2161136B0F61F17B00F0034B0F41103BF09D059B70F30586FFA2F052
:20A340007B00FCF34B0141106B0171FF4BF041F03C01910000F6D9FF44E07B00F8034BF03D
:20A36000510089F00C797B00F8034BF051F0BBA099099B90E9034B0F01F0370F61F06E2711
:20A38000910000F6D9FF44E009FF1079BBD0CC0C9B4011044B0F01F0370F61F16E1891005C
:20A3A00000F6D9FF44E009FF1079BBD0CC0C9B4012044B0F01F0370F61F06E09910000F6E6
:20A3C000D9FF44E0DA0189FF39483C08910000F6D9FF44E0DA0089FF3948910000F6D9FF94
:20A3E00044E009FF984991000026D92244E0192F008091000026D92244E019200C804B0FBD
:20A4000041F074FF910000F6D9FF44E009FF984991000026D92244E0192F008091000026D7
:20A42000D92244E019200C804B0F41F06CF7910000F6D9FF44E009FF984991000026D9222C
:20A4400044E0192F008091000026D92244E019200C804B0F41F06CFE910000F6D9FF44E0FD
:20A4600009FF984991000026D92244E0192F008091000026D92244E019200C804B0F41F02F
:20A4800089FF1419910000F6D9FF44E009FF984991000026D92244E0192F04809100002642
:20A4A000D92244E019200C804B0F41F089FF3019910000F6D9FF44E009FF98499100002639
:20A4C000D92244E0192F048091000026D92244E019200C804B0F41F089FF0C29910000F627
:20A4E000D9FF44E009FF9C4991000026D92244E0192F088074FF910000F6D9FF44E009FFCF
:20A500009C4991000026D92244E0192F08806CF4910000F6D9FF44E009FF9C499100002629
:20A52000D92244E0192F08806CF891000046D94444E0B0446DFF86F591000026D92244E0FF
:20A54000910000F6D9FF44E0C81F54FF892F0C5991000026D92244E0910000F6D9FF44E0C8
:20A56000C81F481F892F105991000026D92244E0910000F6D9FF44E0C81F482F892F145990
:20A5800091000026D92244E0910000F6D9FF44E0C81F483F892F1859910000C6D9CC44E0AB
:20A5A000910000F6D9FF44E009FF0C59910000F6D9FF44E009F01059910000F6D9FF44E043
:20A5C00009F11459910000F6D9FF44E009F218594B2141106B0F61417B00F0F3910000F667
:20A5E000D9FF44E009F01059910000F6D9FF44E009F110596B1071FF910000F6D9FF44E0A9
:20A6000009F01459910000F6D9FF44E009F114596B10715F6D00D50F3B10EEF29B5F26FC07
:20A620004BF241F089CF1879910000C6D9CC44E0910000F6D9FF44E009FF0C59910000F62C
:20A64000D9FF44E009F014594B0F41F0910000F6D9FF44E009F01059910000F6D9FF44E0A5
:20A6600009F118596B1071FF7B0000044B0F4140910000F6D9FF44E009FF1859910000F6A7
:20A68000D9FF44E009F01859910000F6D9FF44E009F10C59910000F6D9FF44E009F20C598F
:20A6A0004B214110910000F6D9FF44E009F21059910000F6D9FF44E009F310596B327111EF
:20A6C000910000F6D9FF44E009F21459910000F6D9FF44E009F314596B3271116B0F615158
:20A6E0006D006F0F3B10EEF29B5F26F44BF241F089CF1C79910000C6D9CC44E0910000F62E
:20A70000D9FF44E009FF1059910000F6D9FF44E009F01459910000F6D9FF44E009F10C5901
:20A72000910000F6D9FF44E009F218594B2141106B0F61417B00F0F3910000F6D9FF44E070
:20A7400009F01459910000F6D9FF44E009F114596B1071FF910000F6D9FF44E009F01859D1
:20A76000910000F6D9FF44E009F118596B10715F6D00270F3B10EEF29B5F26FC4BF241F048
:20A7800089CF207991000026D92244E0910000F6D9FF44E0C81F484F892F1C59910000260D
:20A7A000D92244E0910000F6D9FF44E0C81F485F892F2059910000F6D9FF44E0DA0089FF53
:20A7C000245900902010404C49C4381A49C5002A6DFF10F789C2083809CFF81889CFA8280B
:20A7E00009CFDA1889CFAA2849C4381A49C5181A49C6282A6DFFB2F689C2083809CFE828DE
:20A8000089CFB02809CFC22889CFB22849C4282A49C5002A49C6302A6DFFA0F689C2083887
:20A8200009CFD02889CFA02809CFD22889CFA22849C4302A49C5102A49C6202A6DFFFCF4D0
:20A8400089C2083849C4202A49C5302A6DFF12F589C2083809C2AC39542F74AF09CFAC399D
:20A86000481F780109CFAC39482F780209CFAC39483F780309CFF81889CFB828DA0189CF38
:20A88000BA2809CFAC49580109A00C094B0F410054A158026BF171F07B0000044B0F41F041
:20A8A00074FF09CFAC4954A009A1040909A2080958034BF241F06B1061FF7B0000044B0F74
:20A8C00041F06CF109CFAC4909A00C0909A10C0954AF54A24B2F412009A3040958016BF35C
:20A8E000712209A3080958026BF371F26B1061FF6CF282033C34534320F009CFAC4910FF3D
:20A9000054FFB70F81FF4B0F31013B0040F0A20FB70F1406910000F8D9FF4CF109FF020866
:20A92000325F0FF00010C812538120F0102254224B006101C81F538120F010FF481F6B02B6
:20A94000610F3C013C013C01534320F0910000F6D9FF44E010FF89F00079C213BF33CDFF13
:20A9600009CFC81889CF8038DA0189CF823849C4081A49C5382A49C6003A6DFF23F689C26A
:20A98000083809CFC03889CFA828DA0189CFAA2849C4302A49C5003A49C6282A6DFFDEF52B
:20A9A00089C20838DA0189CFB82809CFC03889CFBA2849C4003A49C5382A6DFF1BF689C270
:20A9C000083849C4382A49C5282A910000F6D9FF44E0D9F610806DFFC1F589C20838910048
:20A9E00000F6D9FF44E019FF1880910000F6D9FF44E019F01C807B00F0134B1041004B0F19
:20AA000001F0370F61F06E08910000F6D9FF44E0DA0189FF3848910000F6D9FF44E019FF37
:20AA20001880910000F6D9FF44E019F01C804B0F01F0370F61F16E66910000F6D9FF44E01C
:20AA400009FF78486E5F910000F6D9FF44E009FF79486E12910000F6D9FF44E0910000265B
:20AA6000D92244E009207C498B1080008B01A01089F07C493C08910000F6D9FF44E0D2009B
:20AA800089F07C49910000F6D9FF44E009F07C49FB2003200B0250F10B3100F20B31A0F2AF
:20AAA000EE0C910000F6D9FF44E0DA0089FF3848DA0089CF2C083C2509C4A83909C5AC390F
:20AAC000910000F6D9FFEC1009F4C0080CCCE2F46D00191409C4B83909C5BC39910000F606
:20AAE000D9FFEC1009F0C0080CCCE2F00CCC73F00A406D000814DA0189CF2C081D003D0147
:20AB00003C54910000F6D9FF44E019FF1880910000F6D9FF44E019F01C80BBD0CC1C9BC17B
:20AB2000DC134B1041004B0F01F0370F61F16E2B910000F6D9FF44E009FF78486E249100A0
:20AB400000F6D9FF44E091000026D92244E0192F1C8091000026D92244E0192018806B0037
:20AB600031FF91000026D92244E019201C803B6066169B61F6134B1041004B0F51F089FF1F
:20AB800014793C09910000F6D9FF44E07B00F8F389FF1479910000F6D9FF44E0D20089F017
:20ABA0007C49DA0089CF2C0809CFD81889CFA82809CFC22889CFAA2849C4181A49C5002A17
:20ABC00049C6282A6DFFCAF489C2083849C4282A49C5302A49C6182A6DFFC0F489C208389C
:20ABE00082003C18534020F009CF9C4910FF534020F009C29C491022542F91000026D92256
:20AC000044E0092114794B1F41F074FFC2103700680009CFD82809C1DA28E21F3FF0E47FA3
:20AC200082403C2B82013C26DA0303F00AF1534F20F009CF9C4910FFDA0303F00AF1534F50
:20AC400020F009C29C49102254229AC0534F20F091000026D92244E01022092F0079BB40CC
:20AC6000983F9B23F2334B3F41F04BF241F074FFC211BF31DBFFC210BF60D6FF09CFD82843
:20AC800089CFB828DA0189CFBA2849C4182A49C5003A49C6382A6DFF61F489C20838910082
:20ACA00000F6D9FF44E009FF78486E5882423C54534220F009CFBC2910FF54FF910000F675
:20ACC000D9FF44E019F00C80BBA0701D9B31C2134B1041004B0F01F0370F61F16E135342C5
:20ACE00020F009CFBC2910FF91000026D92244E0192F0C80BBA0700D9B30C2034B0F41F0DB
:20AD000074FF534220F009CFBC2910FF54FF910000F6D9FF44E019F00C80BBA0701D9B3130
:20AD2000C21B4B1041004B0F01F0370F61F06E13534220F009CFBC2910FF91000026D92214
:20AD400044E0192F0C80BBA0700D9B30C20B4B0F41F074FFC212BF72ADFF09CFBC29DA0045
:20AD60006CF349C4380A49C5382A49C6300A6DFF63F289C208380090910000F6D9FF04210C
:20AD800008DFDF1F5F80910000F6D9FF042108CFDF1F3F80910000F6D9FFA860DA0134FF62
:20ADA000910000F6D9FFAC6091000026D9220421092FC0081B0FC2FF4B0F41F167FFBFFFB6
:20ADC00091000026D922201054204B0F41F07B8044044B0F51F074FF910000F6D9FF0421BD
:20ADE00009FFC208370F50F0910000F6D9FFB0608B0F14F03B803E00E20F4B0F41F17B807D
:20AE00004C044B0F51406D00E400B4F23C14910000F6D9FFA860DA0034FF910000F6D9FFDD
:20AE2000AC60DA0074FF910000F6D9FFB0603B401FF0B4FF910000F6D9FF0421DA002CFD86
:20AE400000906D00532600904B0461F13B5055059B5005044B0F41F03B0000049BC06104E8
:20AE60004B0F51F0910000F6D9FFB46054F06B0031FF7B402B044B0F41203C0100909100E2
:20AE800000F6D9FFB46054FF7B402B044B0451006B0021FF3B0000049BC061044B0F41F0DE
:20AEA0003B5055059B5005044B0F51406D00DF003C0100903BF003403BC0125082066D00F5
:20AEC0006C2D82046DFFDDFF3BF0034002256D000F2E0090F445DA006C410C4896012C481D
:20AEE0000C4896022C480C48B70F01F12C480C48B70F81F12C480C48B70F01F22C480C489D
:20AF000096202C480940C808DA0837F006F3AC440C49B70F01F22C49DA00894F0E09DA00D6
:20AF2000894F1209DA00894F0A090C49B70F81F22C490C49B70F01F32C49094F5808B70F54
:20AF400001F0894F1808094F5808B70F81F0894F1808094F5808B70F01F1894F1808094F61
:20AF60005808B70F81F1894F18080090DA00344FDA00AC41DA00AC42DA00AC43DA002C48AE
:20AF8000DA00AC45A00FEC43DA006C4400908F841EF08F0F0801B70408FC3704E81BB71F53
:20AFA000812BDA7F7FF1048082020090DA967F1F048082023C068B6109F1325F0FF2002094
:20AFC00037024820760432523702482000908F841EF08F0F0801B70408FC3704E81BB71F06
:20AFE000812BDA7F7FF1048082020090DA967F1F048082023C068B6109F1325F0FF2002054
:20B000003702502076043252370250200090B70408FC3704E80BB71F811BDA7F3FF00580E4
:20B02000DA967F0F0480820200908B6009F1325F0FF10010370168200090B70408FC3704AA
:20B04000E80BB71F814BDA7F7FF00480D2020090DA967FF0078082058B6009611DFF80BD10
:20B0600082058BA016601DFF7CBDB70408FC3704E80BB71F811BDA7F3FF00580DA967F0FE9
:20B080000480820200908B6009F1325F0FF100103701702000908B0420F28B0500F5EE0A1C
:20B0A0007B0008008203B700892B8F7301F0A6F2009082029B02F02FBBF0FF3F9BF3FF3F0D
:20B0C0000F2480000F358010BA008B0100F4EE4C3B7001800B451068BB00FF1F9BF1FF1FFE
:20B0E0008F0400012651BA008B0100F4EE2182019BF1FF1F8F0400012651BA008B0100F48A
:20B10000EE098F751E107745804302153B0003803C0F8F351F107745804902153B400280DB
:20B120003C078FF51F107745804F0215C2180F2480000F3580108B0020F28B0100F5EEF218
:20B1400002490B6710A8D2148B881E606DFF09BD0F2A80000F3B8010BA008B0100F4EE2BEB
:20B160003B0008703C293B600930BB00000F9BF00F0026408F0500118B0020F28B0100F556
:20B18000EE073BA00830774500568FC4004082009B00080082013C05C2F3774580500614BE
:20B1A0000B0430F10B1500F20B15A0F2EEF602401DFF7BFF82078BF29F008BF3BF1026A027
:20B1C00026B1BA008B0100F4EE038F0744718BF80760820402951D0077133BD03CF19B4F52
:20B1E000EDF34BF401F02E031D004F147B00F803BBA027F89BAF01F44BF401F02E2C3BB0EA
:20B20000FDF09B9FFCF34B4051406D003E146B02312F00906B0031F46B0021044B0F5140D5
:20B220006D0033143BB0FDF09B9FF4F36B0F2122009091100048D944D4721D00020082081F
:20B24000404F8209820A820BC81CC82D483C09FF1001DF1F238080CF160180D08F1000014E
:20B26000FE046E04C2FC04DF24CF76CF8F3C00018FEC1FF06E0902F140D2C2F16014442123
:20B2800064C1FC4E90DD020CDF0CE07FC2FC60C204DF24CFFC2E3CD9DE2580CF2E03C2FC44
:20B2A00024C9DF0CD37F8F3C00F106EC76C5C2FC60C264CAFC2F6EC9C2FF60F224CBFC2FDE
:20B2C0003CC48F0F1F00DF002E008F3F0001DF102B8080CF8F3F00D180DF1603FEDB76DBAB
:20B2E00002D440C440D56D00100701CD00C601DD00D6A2DC76CF8F3C00018FEC1FF06E0903
:20B3000002F140D2C2F16014442164C1FC4E90DD020CDF0C9B7F02C440C440D56D00F50666
:20B320003C9400901603DF2F91FF80CF16036E0702F440C46D00D20610CCA2FCDF0C867F70
:20B340008F3C004106EC76C5C2FC60C264C8FC2FDF047C7F40C46D00C1061DFF77FF009045
:20B36000205089A4380989A62C0989A73409DA01A00F820909AA1019780C89A9081989A924
:20B38000280902A089A90019B70089FBF80678113700E8FB78080258404C029D405D8BFF87
:20B3A0000FC27B00F8B376C658116E04029C09AD30095808BA0F7813F68A3B700600580BAA
:20B3C0003E043B7004007E0382183C23580D6F5F21803B100600580B3E043B100400FE09E2
:20B3E0005811EE0382083C1582788F3F000082013C06C2F88FC31F107723000E0B01102864
:20B40000FBF0000026202631BA008B0100F4EEF2DA00780F02A46D0035087625DA2D780FB0
:20B4200067AABFAFEE0E580D8F8F0101DA087E03DA2B3C068B000102580FAB0FA2F0780F9A
:20B4400009A00019AA1089A00019DF0D1600580B910000F8D9FFFEC110FF081F2E3791007D
:20B4600000F8D9FFEEC1F8063C1B910000F8D9FFF2C1F8063C15DF0C1D00580B910000F8A1
:20B48000D9FFFEC110FF081F2E36910000F8D9FFF6C13C05910000F8D9FFFAC1F8065810A0
:20B4A000BB90FF0F9239580D260F780D1D008C013B100600580B3E053B1004005F0F278044
:20B4C0005808AB1F18FF780858109230F683580D2E22C210428058083BC0F91FC2207FF1FA
:20B4E00006003B4006103F1F0400DA033C0A3B60FF1F7FF106003BA000103F1F0400DA02D8
:20B50000780C580C12091D005F01580849AF0A0A6E7549A4140A02A46D00520F09AC14090B
:20B52000022A370CE8FB82006E55BBF028EC49AE130A7B0012D49B5ECFE33C3F49A20A0A1B
:20B540007D2E0C8049AF120A49AE130AA07209F03FF489E03FF4FC2CBBD0CC0C58059BC06F
:20B56000DC0349A4140A4B0F41406D00290F89A20609DF0914806B0E21F24BDB41B04BDFDE
:20B5800041406DFF06FD762A4BBC514049A4140A82196D00150F89A2060909AF06096B0ED2
:20B5A00021FF4BDF41406DFFF4FC8B0203F089EF3FF4580AC21F780A5805370FE8FBEEBF41
:20B5C0003C0304EF24FF49A2130A012E20F4EEFA3C154B0A01F06F2F12007B0012043C06C9
:20B5E0004B0A41A0580AC2FF780A4B0A41F089AF06094BBF01F06F0FF5FF3B600610580B22
:20B60000028082093E143B6004107E13580A12803B500610580B3E143B5004107E12C21040
:20B62000CE03DA003C038B7000F310A2492E0A0A3C117B0012F449A4060A4BFA41406D00F7
:20B64000BF0E022A09A406096DFFA3FC8B0203F024FF01FE20F4EE0649A2130A012F20F434
:20B66000EEE909EF000840EFC25F3C0A49AF0A0A01EF30F4EE0740EF09EF3FF4C21F34EFEA
:20B680003C08DA3134EF49EF010A580AC21F780A09E00008DA393F0FEB7F89F93FF049A2D8
:20B6A0000A0A012F20F4EE0609F00008DA305F0FF67F3B500600580BBE013B5004003E0EC2
:20B6C0003B6006005F0F3C003B6004005F0F3800580A3FF80400FFDF330058103B50062013
:20B6E00049AF0A0A9210580B09A10A083E243B5004207E2C761349AF0B0A14FFEE04580DC2
:20B70000AE227682C21042803C17028276158BF81F2049AF0B0A14FFEE03580D2E22C21011
:20B7200082013C0814FFEE03580D2E23C210B01FC2113F21F97F8B4000903C453B600600BF
:20B74000580B3E043B6004007E0F09A02809FA10AB10A09F581042F9F684580D6F2F3400E6
:20B760001A8992193C300280580A49AF0A0A4EF4581092193C0D09A1280958101219021FF2
:20B7800014F17612B01FABF01F00C2FFEEFA14FF6E02F604580D6F2F1700580AC219325F85
:20B7A0003C04C2FFC219C2F07607FF1FFC7F3C04C219B01FC2F0760314FFEEFB580D160455
:20B7C0002B09009F580F6E0D580D16036E0A61FF84BA09A43C0940C46D005304DA00780F05
:20B7E000D806BD0F1A803B100600580B3E043B100400FE02580D16036E0F54DFC22F61FF41
:20B8000059BA6D003E04580B40C48B7F01406D003804DA017812580D6F0F1680580EA29F86
:20B820003C0F61FF5ABA580D40C416028B0F20F2864F8B0F02406D002404580EC2FF780E29
:20B84000FF1FF17F580F6E0861FF47BA09A43C0940C46D001604D806BCFA40F440C56D0065
:20B860001F0454DFC23F74DF1D008A013B100600580B3E053B1004005F0F9F808F282000CC
:20B8800058138B7001018B1F03A1BF1022008201DA177FF00800821258110F021020262F83
:20B8A0006E02821182F2C2F00F0200F0C6F2F6145811262F6E045811A62F78115811C21F5B
:20B8C0007811EF7F0600DA0078113B2003A05812EE0D54DFC22F61FFEDB96D00D203580BD6
:20B8E00040C48B7F01406D00CC0361FFF6B902A440C46D00C603F683580D2E2561FFE7B99D
:20B900006D00BF0358113B8001B054D08F1F00A0428074D03C183B000340DF0B1100C2CB51
:20B9200002B032500F0A00F0160F8B0F0340DA397F4F0600580B8B6F1CF042F440C46D00D1
:20B94000A003C2F8FF18E97F580B40C48BFF00406D0097035808CEF63BD00240325F780851
:20B960003C033BB0024040C46D008B03580C54D0C22F42F0580C820110AF34F13BA00010FB
:20B98000580CC2FF370F68F0780C10AF58084B1F01228B0303F034FF09A220094B120122AC
:20B9A00089A26009DF02EEFF74D040A440C56D0077031D00E5003B50060049AF0A0ABE01B3
:20B9C0003B5004003E0E3B6006005F0F78003B6004005F0F7400580A3FF80400FFDF6F009A
:20B9E00009A00A08580AAB1F20A076093B700610580B3E143B7004107E12C2F861FF6DB91C
:20BA000076063700684049AF0B0A3C033B00034040C46D00360314FFEE0B580DAE29768C0D
:20BA20003B500600580B3E043B5004007E0561FF4EB96D002603820B3C1A09F00008F60ADD
:20BA4000580DAE283B500610580B3E143B5004107E1D61FF42B9760537006840B01F3C0358
:20BA60003B00034040C46D000C03C21B3F8BE77F61FF33B9580B40C48FDF0F416D000103D9
:20BA8000C2FA54DFC21F0EA43BB002403C04325A3BD0024074DF40C46D00F30261FF0FB9FD
:20BAA0008B00034040C46D00EC0261FF08B98B01034040C46D00E5023C6209AA28094EA899
:20BAC00054DFC21F61FFF6B86D00DB023C1954D0C21074D014F47643B01F3C033B0003401E
:20BAE00040C46D00CE023B600600580B3E063B6004003E03ABF81F88C2FAFF1AEA7F3B60BA
:20BB00000600580B3E063B6004003E0314FF6E02F684580D6F2F340061FFDFB8580A3BE0F0
:20BB20000240325F3C0854D03B000340C21074D0C2FFC2F840C46D00A402768BFF1FF57F11
:20BB40003C0861FFCAB804F440C46D009A02C2F8768314FFEEF73B600600580B3E0E3B6024
:20BB600004003E0B580D2E2B3C0854DFC21F61FFA1B86D008602C2F8DF08F9FF580EA29F74
:20BB80003C0A54D03B00024040C4C21074D06D007802C2FFFF1FF77F00902010404C405D7F
:20BBA00089A68C09DA00780209D40008DF045002DA257E4409D001047E08B01D49A5080A61
:20BBC00040C46D0054023CF1820A0BAA108809DF01003BD002007E048F1A40A13CF93BB076
:20BBE00002007E07BBF0FE0F26A08F8040A13CF03B0002007E066F3AECFF8F0A41A13CE830
:20BC00003B0003007E048F2A40A13CE23B3002007E048F4A40A13CDC3BA00200FE03D80332
:20BC2000B04FF80309F83CF9CE848F1A40A1325809DF01003C0D13A820FF8B0F1D8009DF43
:20BC400001008B0F1D0037006800BFA0F6FF3BE002005F0F23808F0A42A109DF01003BA0CB
:20BC60000200FE05D803B04FF80309F93CF9CE968F1A40F1BBF0FDAF26FA09DF01003C0DCC
:20BC800013A920FF8B0F1D9009DF01008B0F1D0037006800BFA0F6FF3BC006007E048F0AD3
:20BCA00048A13C1E3B8006007E048F0A44A13C183BC004007E048F0A50A13C123BA00600F2
:20BCC0007E04B71A81A43C0C3BA007007E04B71A01A53C063B400700FE01B71A81A53BC014
:20BCE00006003E043B8006007E0709D000087E04B71A01A6B01D09DF01003B3006005F0F46
:20BD00002F808F1A00F1EE0E3C093B00024049A5080A40C46D00AB01C2F87F890400FF2812
:20BD2000F67FD80340C449A5080AB04FF80309F03CF9370048406D009A01DF0F377F3C09D7
:20BD40003B00024049A5080A40C46D009001C2F87F892C7FFF28F67F1DFF28FF3B40060097
:20BD6000BE013B9006003E0E3BF006003E0B3B8007003E083B8005003E053B5007005F0F62
:20BD8000598082023B4006003E043B9006007E0282123B0008010F0A80105F0104006F9A44
:20BDA00005003B8000003C0282403B8000105F100980D80349FF080AF80309F078F93C1515
:20BDC000D803B04FF80309F03CF90B0000080B0110483B0004010F0A80105F010D80762875
:20BDE000370448000B0000080B0110483C13370468403C0F3B0004005F010B8076263704CB
:20BE000050000B0000483C06370470403C02F62282056F5A0600BBD0FF0F260A3C02821904
:20BE20000BFA106889A440090B8910481D00CB003B300700FE066F5A0680BBF0FF9F9BF999
:20BE4000FF97D8030BA8104840C5029649A6080AB04FF80309F4BCF96D00CC021DFFA6FE21
:20BE60003B600600BE063B600400BE033B500600BE003B5004003E0D3B7006003E0A3B7030
:20BE800004003E073B1006003E043B1004007E0DD8038F0A0211AB698091B04FF80302F64E
:20BEA00009F03CF974A03C2C3B200700FE086F6A0800D803B04FF80309F03CFA3C06D8036E
:20BEC000B04FF80309F03CF98F0A02F1EA69DA004BF051F174AF3B6006603C123B20050032
:20BEE000FE09D8038F0A02F1EA6949FF080AF80309F478F96DFF16B63B60066074A20B89DB
:20BF0000104849A5080A02A740C46DFF2BFA1DFF4DFE3B0007005F0F5D806F8A45006F0AE0
:20BF20000E80DA113C093B00024049A5080A40C46D009D00C2F83F8FF8FFD803A03E49FF38
:20BF4000080A09FF3FF449A5080A370F684040C46D002101FCE73BA0034049A5080A40C40E
:20BF60006D008500D803A03E49FF040A09FF3FF449A5080A370F684040C46D000C01FCE736
:20BF8000DA113C093B00024049A5080A40C46D006E00C2F83F8FF8FFD80349FF080AF80366
:20BFA0001DFF04FED8033B8000400245B04FF8038F2A407109F03CF9820189A040093B8004
:20BFC000076049A5080A40C46D0000011DFFEEFD3BE006005F0F37803B0008010F0A80F06E
:20BFE0003E036F9A0E00D803B04FF80309FFBCF909A00809820189F040091DFFD7FD3B002D
:20C000000401260ADA407EAAD803B04FF80309FFBCF95802B4FF1DFFC9FD5F0A0B80D80359
:20C02000B04FF80309FFBCF9580234FF1DFFBEFDD803B04FF80309FFBCF9580274FF1DFF6A
:20C04000B5FD910000F6DA1959FFDCC009A208090090910000F6DA1759FFDCC03B00044089
:20C060006D000C007B00FC27009037046840545FC21F745F1D000500BA0492F20090D44FB8
:20C08000BCF440F41D00E809CC414C4280F07FF0068034F4CC41B01FEC410090404F405CC2
:20C0A0003C06370F684040C46DFFEBFF09FF0100EEF900903704E82BB704894B8BF20F22EB
:20C0C0008B04002400903704E82BB704894B8BF20F228B04202400903BF00F00804F16030D
:20C0E000063F0FF0100082FFC6F0C2F4604F804FB70F02F060F2B014542F260F742F7700E1
:20C100000004FCF60090804F16033BF00F008F3F00100F10100082F1C610C2F4604F8041FB
:20C12000B7010220095101008F3F0030B0140F3110106022C21F542216032602A612742240
:20C1400077000004FDF0ED7F0090404F0B4510A849FD160A026840FCDA0034DF82070286DA
:20C160000BAB10486DFF22B523820A0A0B2310A88BA060F2CA708B0003F089DF3FF48B0272
:20C1800020F28B0300F5EEEB04DF24FFEEFE40C200900248404F8FC83F40405CDA090B4F25
:20C1A0002001DA37AB0F83F042F46DFF60FF8FF8000140F4DA0940C50B0F2011DA37AB0F65
:20C1C000834142041DFF53FF026E2020DA58404F0B4510A8405C027909AC600982085FEF61
:20C1E0007300DA643EEDDA693EEBDA6F5FEF6C00DA75BEE4DA785FEF67001D00ED00D20020
:20C200000B0C50F10B1D00F20BD190F2EE073BD002800BC0C0C00BD1D0D00BCD104840A4F1
:20C220003BA000606DFF93FFF6B6BA0C8B0D00F4DF0FDF8040A46D009A0B370268C0DF083C
:20C240001180DA753EE88F890101DA087E043BB002803C078F8901F18B0F01F2AB08A28F2F
:20C26000768CABFA1FAA8F3900F16E0740F4028440C56DFFFCFE82086F0914808F2900F1BC
:20C280008B0F20F2864F8B0F02F03C0740F402F440C56DFFECFEC2FA7FAB04003FACF87F7D
:20C2A000768E40F4028440C56DFFE1FE3C08C2FB61FFFBB46DFFDBFEABFA1FAA3FBCF97F3A
:20C2C0001D008A008BFE268240A48F3820F08B8F00600BCD10486DFF3AFFDA78FEE314AF86
:20C2E00040A26E10092000088BF01BF0370F6810DA193F1F05808B0002F0342F092F010476
:20C30000EEF240A46D00330B370268F078068B0C20F28B0D00F5EE0AF6B6DF086A806F295C
:20C320006800821BBBB0FFFF26F96F291B006F191300768E61FFB9B46DFF99FEABFA1FAAE0
:20C3400040F402E440C56DFF92FEABFA1FAABBB0FFFF26F9DA6F7EE558063FBF0300921B14
:20C360006F29090076875806C22BC22F370F68F078066F0915808F2900F18B0F20F2864F90
:20C380008B0F02C03C0740F402C440C56DFF6FFEC2FA7FAB050058063FAFF77F6F291900C8
:20C3A000DF08170061FF81B46DFF61FEABFA1FAA40F402E440C56DFF5AFEABFA1FAA3C081C
:20C3C000C2FB61FF72B46DFF52FEABFA1FAA58063FBFF87FBBF0F74F40A4BBF0FF6F40F5FA
:20C3E000269440C602A59BF6FF671D00030000900248404F025F405C0269406D6D00B70A13
:20C40000022A6F0819803C083B00024040C440D56DFF2DFEC2FF3FFAF97F3FF9F77F3C0B08
:20C42000C2F909F40100DF04110040C440D56DFF1EFE8AFFDF09F6FF3C083B00024040C483
:20C44000C2FF40D56DFF13FEEEF90090910000F6D9FFB860D4F291200056D955408A0124B1
:20C460000046015420F4EE0891200056D955C08A014530F4EE0482FF60F20090F4F4009061
:20C480008F141E2000900B4510882008DAFF3708E80B7E086DFF19FE7623028200901DFF3E
:20C4A000DAFDDA004BF801F02E046788BF8FC229BB3098FF9B2FF2F34BF84140BB0080FF0E
:20C4C0009BFF6FF44BF401F0AE2B4B0431F14B0F410142F96B0031848F3900F13C1840A4FD
:20C4E0006D006E074B09410154AF022840A46B0021FF7B00E8034B0F41406D00610754A01E
:20C500007B0008146B1071FF4B0F31F12E057B00F8036B083180BF2F04006788BF8F4B884E
:20C5200041F0BB104B0CBBD0511E9B6012049BD1321C6B0F61013BC034159B4140146BF038
:20C540006101BB10D11E9BE11D146B8861113BE0B5279B823A246BF161F24B8041004BF045
:20C560005120009002483708E8FB8209EE03028200904B9801F02E046788BF8F82197B0065
:20C58000F8F36B88714F6D00C4093B3033F39B3FF3F34BF801F0AE264B2851406D00960063
:20C5A0003C0B3BB0FDF09B9FFCF34B8251406D008D006B02312F76936722BF2F00900B45AE
:20C5C00010886DFF82FDF62502946DFF7EFD76246B092128009002846DFF6EFDDF021B0000
:20C5E0007B00F8F74BF901F02E163BB0FD409B94F4433C4D7B00F8FF4BF901F01602BB4087
:20C60000BE4C9B6401443BB0FD009B90FC036A043C3E3709E8FB8200BA0F6E193708E8FBBB
:20C62000EE098F191EF03BB0FD209B9204246A8200904B0801F016043BB0FD209B92FC23C2
:20C640003BB0FD009B90FC0B6A0200904B0901F06F0F2C003708E8FB6E164B0801F02E2E8F
:20C660003BB0FDF09B9F04F46788BF0F4B9051406DFFB5F56B02312F00907B00F8FF4BF95E
:20C6800001F02E183BB0FD409B94044402851D002A004B9851406DFFA2F53BB0FDF09B9F6D
:20C6A00004FC6B0F212200904B0801F02E254B9851401DFF94F56788BFFF4B9F51406DFFE9
:20C6C0008EF56722BF2F0090DA004BF401F02E231DFF85F56744BF4F6DFF81F56722BF2FCD
:20C6E0000090B704812F8F151EF08FFF01F0A6F20090B704814F82151DFFC7FE20186D003E
:20C70000DD096D00930A6DFF6DE13BA042408215820682376D00D61B6D00DC091D00060463
:20C720003BB042406D00BE1BBA023B7028406D00B91BF62F910000F7D9FF080014F0DF10B6
:20C7400009806E07910000F7D9FF0400821034F0910000F7D9FF080034F26E24910000F719
:20C76000D9FF040014F0DF001E00910000F7D9FF0000DA0134FF910000F6D9FF2C10DA00F9
:20C7800034FF910000F6D9FF3010DAC8B4FF910000F6D9FF18103B3033F39B3FF3FB74FF1F
:20C7A0003C3D6E21910000F7D9FF0000DA0034FF910000F6D9FF2C10DA0034FF910000F6D5
:20C7C000D9FF301091000027D9221C00942FB4FF910000F6D9FF18103B3033F39B3FF3FB1C
:20C7E00074FF3C1C910000F7D9FF0000DA0034FF910000F7D9FF0400DA0034FF910000F609
:20C80000D9FF2C10DA0134FF910000F6D9FF18103B3033F39B3FF3FB74FF910000F7D9FF43
:20C82000000014F46DFFFEB93B6028406D003A1B0228DF082A80910000F7D9FF0C0014FFCE
:20C84000DF1F2380910000F6D9FF1C1094FF5E28910000F6D9FF1C10DA03B4FF3C15910096
:20C8600000F6D9FF182014FFEE09910000F6D9FF202054FF8EF36DFFF8B7910000F6D9FFBB
:20C880001C10DA02B4FF910000F7D9FF0C0034F83B2016406D00061B0228F68F910000F7CF
:20C8A000D9FF100014FF5E19910000F7D9FF20008200B4F01D009000DF081580910000F7AF
:20C8C000D9FF100014FFEE0E910000F7D9FF200091000027D92220000920C008C210B4F0A7
:20C8E0003C7ADF187980910000F7D9FF100014FFEE72910000F7D9FF200009F0C008BF109F
:20C900006B80910000F7D9FF200009F0C008DA147F0F1580910000F6D9FF2C1009FF00082F
:20C92000EE0C910000F6D9FF381014FF6E046DFFB7B93C036DFF7CB93C48910000F7D9FF31
:20C94000200009FFC0086E41910000F6D9FF2C1009FF0008EE3A6DFFE8B8910000F7D9FFF9
:20C96000000014FFEE32910000F7D9FF1C0091000027D9221C00942F8B2F03F0B4FF910085
:20C9800000F7D9FF1C0094F0DAC87FF00400DAC83C12910000F7D9FF1C0094FF3B803E001B
:20C9A0007FF005003B803EF03C06910000F7D9FF1C0094FF910000F7D9FF1C00B4FF910009
:20C9C00000F6D9FF3010B4FF910000F7D9FF2000DA00B4FF910000F7D9FF100034F83B3082
:20C9E00016406D005F1A0228F68F910000F7D9FF140014FF5E19910000F7D9FF2400820048
:20CA0000B4F01D008C00DF081580910000F7D9FF140014FFEE0E910000F7D9FF24009100B5
:20CA20000027D92224000920C008C210B4F03C76DF187580910000F7D9FF140014FFEE6EC8
:20CA4000910000F7D9FF240009F0C008BF106780910000F7D9FF240009F0C008DA147F0F1A
:20CA60000980910000F7D9FF0400DA0034FF3C50910000F7D9FF240009FFC0086E49910094
:20CA800000F6D9FF2C1009FF0008EE39910000F7D9FF000014FFEE33910000F7D9FF1C0045
:20CAA00091000027D9221C00942F8BEF1CF0B4FF910000F7D9FF1C0094F0DAC87FF0040096
:20CAC000DAC83C12910000F7D9FF1C0094FF3B803E007FF005003B803EF03C06910000F737
:20CAE000D9FF1C0094FF910000F7D9FF1C00B4FF910000F6D9FF3010B4FF3C0A910000F661
:20CB0000D9FF2C1009FF00085E136DFF66B8910000F7D9FF2400DA00B4FF910000F7D9FF85
:20CB2000140034F86DFF2AF16DFF35B7910000F6D9FF1C2014FF6E12910000F6D9FF1C200D
:20CB4000DA0034FF3BA0424082156D00FE19910000F7D9FF1800DA0334FF910000F7D9FF68
:20CB6000180014FF6E17910000F7D9FF180091000027D9221800142FC2FF34FF910000F703
:20CB8000D9FF180014FFEE063BA0424082056D00DC19910000F6D9FF2C1009FF0008DF1FAF
:20CBA0004680910000F6D9FF182014FF6E1C910000F6D9FFF46091000026D9221420542F5F
:20CBC0006CFF910000F6D9FFA86014FF6E0B910000F6D9FF301091000026D922B060942FD3
:20CBE000B4FF3C23910000F6D9FFA86014FF6E07910000F6D9FFAC6054FF3C02DA009100CD
:20CC000000F6D9FFF4606CFF910000F6D9FFA86014FF6E0B910000F6D9FF3010910000263E
:20CC2000D922B060942FB4FF3C13910000F6D9FF182014FF6E07910000F6D9FF142054FF1F
:20CC40003C02DA00910000F6D9FFF4606CFF6D00AD04910000F7D9FF000014FF6E06910008
:20CC60000048D9443D223C11910000F6D9FF2C1009FF0008EE0691000048D94433223C0578
:20CC800091000048D9442922820482056D00D7153B800540820591000048D94421126D00D0
:20CCA000CE1582043B40015091000048D9440C126D00C515DA0234AF3B0002403B400150DC
:20CCC000910000F6D9FF44E009F61C7982276D00D31482043B80025091000048D944111294
:20CCE0006D00AD153B0002403B800250910000F6D9FF301094F682476D00401582043BC046
:20CD0000035091000048D94416126D009815910000F6D9FFC40009F4C0086DFF97F0DA01D2
:20CD200034AF3B0002403BC00350822702266D00A314910000F6D9FFA86014FF6E069100D1
:20CD40000048D9442E123C0591000048D944271282043B0005506D007215910000F6D9FF55
:20CD60001C1094FF5E2691000048D9440D223C0591000048D94405223B0004403B000550DE
:20CD80006D005D15910000F6D9FF1C1094FF5E2691000048D9441F223C0591000048D944A4
:20CDA000152282043B4006506D004915910000F6D9FF182014FF6E0691000048D9443D12B7
:20CDC0003C0591000048D944351282043B8007506D003515910000F6D9FF381014FF6E0658
:20CDE00091000048D9441B123C0591000048D94407123B0004403B8007506D0020159100FC
:20CE000000F6D9FF182014FF6E03DA013C02DA003B0006403B800750910000F6D9FF24205F
:20CE200054F642F682176D00A9143B8006403B80075091000048D9443F026D0000153B00A6
:20CE400007403B800750910000F6D9FF202054F682176D00931482043BC008509100004831
:20CE6000D94401126D00EB14DA0134AF3B0001403BC00850910000F6D9FF002054F6822717
:20CE80006D00FA133B8004403BC0085091000048D94404126D00D314DA0134AF3B800540A8
:20CEA0003BC00850910000F6D9FF042054F682276D00E213910000F6D9FFC40009F4C0085F
:20CEC0006DFFC4EF910000F6D9FF44E009FF1C7974AF89A20409910000F6D9FF44E009FF2D
:20CEE0002C593B10EE029B5026044B0F41F07802910000F6D9FF002054FF7803910000F684
:20CF0000D9FF042054FF7804910000F6D9FF142054FF780591000048D94408326D008902BB
:20CF20003B2003406D00F0161DFFFCFB00906D00FD0582046D00AF0A6D00CC053C013C006B
:20CF40000090B705819F0248B708814F02956D008C028F121EF06E036B0921220B28104898
:20CF60001DFFC1FBBD043100B0C4404C54CF910000D6B70F0180D9DDF4C0D4DF74C801C8F4
:20CF800000E654EF6E04AE0342F83CF954F001F000267DC20580420874F840FCEE10820441
:20CFA0006DFF56FAB04E7DE20A80325802846DFF4FFA802F1EF3DA0074CFD4DF80CF80F0BA
:20CFC0000B0F90F174DF00900D00000282046D00620A82046DFFD4BB8270DA010F0F00F009
:20CFE000892F28296DFF7DAE6DFFDAB1910000F6D9FF1C1094FF5E29910000F6D9FF301056
:20D0000094F46D00C0023C0482046D00BC020D00400200800D00000282046D003C0A8204CB
:20D020006DFFAEBBDA0982100FF00000892028296DFF3DB60D00400200800D0000028204EA
:20D040006D00290A82146DFF9BBB8278DA010F8F00F0892F28290D00400200800D0000028E
:20D0600082046D00180A82146DFF8ABBDA0982180FF80080892828290D00400200800D0072
:20D08000000282046D00070A910000F6D9FFACB0D4FF2D0F00000D00400200800D000002E2
:20D0A00082046D00F80982046DFF10DA762682046DFF02DA6D00760C82446DFF07DA76249A
:20D0C00082446DFFF9D90D00400200800D00000282046D00E00982146DFFF8D9762B821488
:20D0E0006DFFEAD9910000F6D9FFB4B0D4FF2D0F000082546DFFEAD9762482546DFFDCD999
:20D100000D00400200800D00000282046D00C30982346DFFDBD9762B82346DFFCDD99100A2
:20D1200000F6D9FFB0B0D4FF2D0F000082746DFFCDD9762482746DFFBFD90D004002008047
:20D140000D00000282046D00A60991000046D94428216DFFA3BA0D00400200800D0000023A
:20D1600082046D0098096D008A050D00400200800D00000282046D008E090D0040020080E8
:20D180000D00000282046D00860991000046D94414416DFF83BA0D00400200800D0000022E
:20D1A00082046D00780991000046D94400616DFF75BA0D00400200800D00000282046D003A
:20D1C0006A096D004E140D00400200800D00000282046D00600991000046D9442C716DFFD6
:20D1E0005DBA0D00400200800D00000282046D0052096D00A2020D0040020080C234B7045B
:20D2000002F06E659249DF096300910000F6D9FFF4C054FFEE1582046DFF1AF9802F325F75
:20D22000160392446DFF14F98020DFF051001022F4F291000046B542F0C082007420D4FC4A
:20D24000820A3C0310CCB0FC54CF6E036F0FFCFFF4FC3C1DB70801F010CF6F08188054FF34
:20D26000EE1182046DFFF4F849F4040A7D420F80325802846DFFECF8802F1EF874CA82084B
:20D280003C0CAE0442F874C840CF40FC54C876856F08E2FF3F98E0FFDF082680BF19180031
:20D2A00002946DFFD5F8802F9EF249CF040A01F220F4EE0D012F30F4EE12802F325F16038B
:20D2C000102F92446DFFC4F8802F5EF3A002009001CF2020802F960174CF40FC01C900F64A
:20D2E00074FA3C0A9A493FF8078001C900F6A29874F83C0202898F1940F174CF49C2040A75
:20D300000090DF043000404FBF842780804F8F3F000180518F3100115F101F802E06C2F4B9
:20D32000045F344F494F010A80FF2E16045F24FFC2E4045F24FF8F7400018FD41FF06E0B00
:20D3400002F14052C2F160160922480189F24801FC6CD05502047646C2F46042045F24FFBA
:20D36000FC2E40420090404FBF852380804F2E05C2F53444494F010A80FF2E1424F4C2E5A7
:20D3800024F48F7500F106D5DF051200D200764A370468008F802010A6108F002110A6100F
:20D3A0000201C2F5605289F04801FC2E02F57655C2F5605224F4FC2F40420090024F370FFE
:20D3C000E81B8F1F1E00DAFF7E17024F7444B70F89FB6E123C0B8FF00150DA7F7FF1090054
:20D3E000DA00B70F81FFA65F744F02420090DA963FF10A007444DA00B70F81FF8FF001204F
:20D40000A6F20090B704890B8F71012082F38B6109110F1300302630B700890BA652A60266
:20D4200074426B0231F4B70F812FA652009020104045910000F6D9FFBC6049F2140AF4A287
:20D4400049A6100A40A46DFFAAF309FFE4081640AAF20090024F8204370F68506D003427C3
:20D4600002F23C010090200840A41D00020002408F101E30B700890B3705E82B024FB710DF
:20D48000817BB705890B370FE81BDAFF8F151E60B710818B02397E28B705890BF6033E14AD
:20D4A0003C10025200907E16024FB70F89FBEE0B3C02F6231DFFCFF576149A117F2F0600F4
:20D4C000DA00744F024200907F8704808617C2F1820A3F2118003C093F870580A2878F1A9B
:20D4E00040A18617861AC2F13F12F87F3F870780A287C21A3C038617C2F176748F973EF074
:20D500006EFB8E12F673820102175F210E009AF25F1F21803F7809805F871D8082204B0A0A
:20D520000142DF0518009AF27E1206188B030092A2870B70C0718F873EF06E0686F7C21175
:20D540003C038617C2F176748F973EF06EFBC21A3C068F873EF06E0386F7C211B707892B00
:20D56000076360F06E02325A37016800744A8FF901F08F700100A60FA6F2009082051DFF9E
:20D5800084F73B007DF07F4F04003B007D403B0083FF7FF404003B00834F325453542040D0
:20D5A00002456D0060000090910000F6D9FFF8C0DAA534FF910000F6D9FFF8C0DA022CF1EE
:20D5C000910000F6D9FFF8C0DA002CF2910000F6D9FFF8C0DA002CF3910000F6D9FFF8C015
:20D5E000DA002CF4910000F6D9FFF8C0DA002CF5910000F6D9FFF8C0DAA72CF6823491001E
:20D600000046D944F8C082756D005426009091000046D944F8C0820482756DFFA6FE9100B7
:20D620000046D944F8C0B074820482756DFF9DFE910000F6D9FFF8C0DA002CFE910000F685
:20D64000D9FFF8C0DA002CFF910000F6D9FFF8C0DA00ACF9910000F6D9FFF8C0DA00ACF80A
:20D660000090910000F6D9FFF8C0DAA534FF910000F6D9FFF8C0DA012CF1910000F6D9FFE3
:20D68000F8C0BB00F0FF264F868F2CF2910000F6D9FFF8C08FF40FF12CF3910000F6D9FF68
:20D6A000F8C0BB00F0FF265F868F2CF4910000F6D9FFF8C08FF50FF12CF5910000F6D9FF33
:20D6C000F8C0DA002CF682003C1491000026D922F8C0910000F6D9FFF8C0086F910000F645
:20D6E000D9FFF8C001F000F614F1421F2C26C210BF60ED7F823491000046D944F8C0827545
:20D700006D00D825009082343B0080509B7500503B5001603BE000706D00A42182348215F8
:20D720006D00CD236DFF75FF820482056DFF9BFF6DFF3CFF00902008823449A4000A6D0020
:20D740009623DF02C00014A0DAA57E0F910000F6D9FFF8C0087F3B500A003E07910000F6B0
:20D76000D9FFF8C0DA002CFE910000F6D9FFF8C008EF910000F6D9FFF8C010FF14AF2CF7FB
:20D78000910000F6D9FFF8C091000026D922F8C00C2EC21F2CFE910000F6D9FFF8C008EFB5
:20D7A000BF7F9180910000F6D9FFF8C0087F3B500A005F0F7980910000F6D9FFF8C0DA008F
:20D7C0002CFF82003C1591000026D922F8C0910000F6D9FFF8C008F1910000F6D9FFF8C0BA
:20D7E00001F000F6087F42F189210F08C210BF60EC7F910000F6D9FFF8C008FF910000F6C6
:20D80000D9FFF8C008D05F0F3F80910000F6D9FFF8C0088FDF2F288091000026D922F8C0A5
:20D82000910000F6D9FFF8C0089F8F8F2000910000F6D9FFF8C008AFA6F0892090089100B6
:20D840000026D922F8C0910000F6D9FFF8C008BF8F8F2000910000F6D9FFF8C008CFA6F04F
:20D8600089209208910000F6D9FFF8C0DA002CFE91000046D944F8C0B074820482756DFF91
:20D8800074FD3C10910000F6D9FFF8C0DA002CFE91000046D944F8C0B074820482756DFFF7
:20D8A00064FD3C10910000F6D9FFF8C0DA002CFE91000046D944F8C0B074820482756DFFE7
:20D8C00054FD00906F770C006F0505808FF707F16E06C215EF850400C21606F5B70589FB28
:20D8E0008F7601008F840120A60FA6F20090201049A6100AA00FF4AF89A4840982FF7802D1
:20D9000040A46DFF4CF1D801DA0034FF009002483708E8FBEE05820402851DFFE4F66DFF36
:20D92000CBF3DF022280DA004BF801008F3000F16E056F001A001DFF8EF34B0891F17B00EF
:20D94000F0034B0841007B00FC134BF041206BF271214B2F41F04BF041006BF071014B0FDD
:20D9600041F04BF8418002820090404F044FEEFF01F420F080F2C2F200903704E80B20087E
:20D98000DAFF74A47E076DFFA0F3DF0279801DFF62F3820854A102804B0101F082192E05BB
:20D9A0006711BF0F74A082F9BB30981F54A09B21FA1340A44B10414074A46DFF01FD022AC5
:20D9C00054A07B00F0F44BF001F0AE274B0031F182404B0F01023C0854A47B0008546DFFE8
:20D9E000B2FA4B023111DF110700DF210A00DF310B003C0E7B00F8F36B0A31AF3C02325902
:20DA000082183C067B00F8F36B0A31AF32594BAA41F074AFBBE0A40D3B90CA169B80140C69
:20DA20009B4135146B0F61013BF012139BF1281C6BAA61113BE0BC239B7238246BF161F22C
:20DA40004BA041004BF051F074AFDF081700370FE8FBEE0D910000F6DA1859FFDCC08E944A
:20DA60007B00F82700907B00F82F00907B00F8F354A04B0F51F074AFDF19048054A2009030
:20DA800067FFBF2F00903B00D0269B9212246B4461224B4441F0BBE0F408BB50061D9BA01C
:20DAA00014049BB10C146B1F61106BF261F04BF151F04B4F412000906D00DD046D00360040
:20DAC0006D003F006D00DD1082046D00E40400904DC0E1FF16073C016E083C01910000F654
:20DAE000D9FFECF014FF6EFB4DC0E1FF16073C01910000F6D9FFECF010FFDA0134FF8218BD
:20DB0000DA003C0B910000F6D9FFECF010FF14F0E20837086880C21FBF2FF6FF82146D00BE
:20DB2000F310DF08EE7F00906DFFDED502246DFF32D56DFFEDD502246DFF71D5009091001F
:20DB400000F6D9FFF0F06DFF57D168224DC0E1FF8F7F00413C01910000F6D9FFF0F06DFFD5
:20DB60008ED06812910000F6D9FFF0F06DFF99D174F2910000FFBCF16DFF7BD1913000FF9D
:20DB800039FF3506160F4B0F41F14BF251F03C013C01910000F6D9FFF0F06CF30090404FAC
:20DBA0000258F64791000026D92288A0142FEE023C1F91000026D92284A0142F6E033C019F
:20DBC0003C0091000026D92284A0DA00C21F342F6D0045043C0C91000048D9443442A00605
:20DBE00040F502846D0075006D0004003CF500902008DA0074AFDA007801DA0074AF3C0F96
:20DC0000DA0078013C045801C21F780158013BF0FF017FF0FAFF54AFC21F74AF54AF3BF09D
:20DC2000FF007FF0EFFF0090201849A4000A6D003102911000F8D9FF362EF80249A4000A63
:20DC40006D00EC018204BB00205C9B150050820682076D00071F91000046D9441811820466
:20DC600091000056D95514013B0004506D003802820482156D0023210090910000F6D9FF87
:20DC80008CA014FF6E13820491000046D94414116D00ED2091000046D944181191000056A7
:20DCA000D955141182146D0037020090404676423C0E910000F6D9FF8CA014FF6E08910018
:20DCC0000048D944015202546D0003000090D9AAE86F404C405D0248406E820089A08C08FC
:20DCE000DA00ACA7DA007804DA00ACAADA00ACAB40D46DFF3CFE89A2100991000026D92290
:20DD00000001092FC0086E08910000F6D9FF0001C84F2D0F0000910000F6D9FF8CA014F04A
:20DD2000DF007B01910000F6D9FF000109FFC008DF0F3F0109A096088CABC21FACAB9100E3
:20DD400000F6D9FF0001C83F82043700705040C42D0F000040D46DFF0AFE89A210099100D3
:20DD600000F6D9FF000109F0C208910000F6D9FF0001086F4BF0010289A094083C0109DF12
:20DD80000008B01DEEFDDA00ACA73C11B0FD09D00008DA2F3E0509D00008DA5C7E0509AF1D
:20DDA000CE08C21FACA75804C2FF780409AFCE08FF2F05805804FF0FEB7F58040EFCB01D78
:20DDC000F4AD49A4180A91000058D95527326DFF90FD3C1709AFCE08EE0BF4AD49A4180AA0
:20DDE00091000058D95530326DFF83FD3C0AF4AD49A4180A91000058D95527326DFF79FD76
:20DE0000DA00ACA63C4CDA00ACA73C2349A4180A6DFFADFD09A0CC088CAA09A1CE0803F077
:20DE20000AF17FF203803C1A09AFCE0810AF49FF184A09A0CC088CAA09A1CE0803F00AF185
:20DE400010A2092F180834FF09AFCE08C21FACA709A0CE088CAA3FF0DB7F09AFCE0810AF38
:20DE600049FF184ADA0034FF910000F6D9FF000108708CABE2F08CABC21FACAB910000F614
:20DE8000D9FF0001C83F82043700705049A4184A2D0F000009AFCC08C21FACA609A9CC0855
:20DEA00049A4180A6DFF63FD8CAA4BF211029A103FF9ABFF74A849A4180A91000058D95533
:20DEC0003D326DFF16FD910000F6D9FF0001087F09A09608E2F08CABC21FACAB910000F65E
:20DEE000D9FF0001C83F82043700705049A4180A2D0F0000A00F7DEF5B00DA00ACA63C4C50
:20DF0000DA00ACA73C2240E46DFF31FD09A0CC088CAA09A1CE0803F00AF17FF203803C1A4D
:20DF200009AFCE0810AF49FF184A09A0CC088CAA09A1CE0803F00AF110E2092F000834FF64
:20DF400009AFCE08C21FACA709A0CE088CAA3FF0DC7F09AFCE0810AF49FF184ADA0034FFBC
:20DF6000910000F6D9FF0001087F09A09608E2F08CABC21FACAB910000F6D9FF0001C83FCB
:20DF800082043700705049A4184A2D0F000009AFCC08C21FACA609A8CC0840E46DFFE7FCC2
:20DFA0008CAA4BF211029A103FF8ACFF3C3549A4185A82043B0010506DFFD7F9910000F69B
:20DFC000D9FF0001C82F40C42D0F0000A00F7DEF1000F4AD89A8040989AE880949A4185A00
:20DFE00091000058D95506426DFF83FC3C0CF4AD89A8040949A4185A91000058D9551F42D9
:20E000006DFF77FC910000F6D9FF0001C82F49A4185A2D0F00000090910000F6D9FF00013F
:20E02000094FC008B4FF910000F6D9FF0001094FC208ACF1910000F6D9FF0001094FC4086A
:20E04000ACF2910000F6D9FF00010C462CF6910000F6D9FF00010C472CF7910000F6D9FF19
:20E06000000109428809E822910000F6D9FF000109428C09E83291000026D9220001CC449C
:20E08000EC24910000F6D9FF8CA0DA0134FF0090DA00B44FBBF0FFFFAC41BBF0FFFFAC423D
:20E0A000DAFF2C46DAFF2C47A00FEC42A00FEC43A00FEC44009082046D00112100904C425C
:20E0C000424F6C423C064C4209401409A20F6C424C45094008097FF0F8FF0090404F024FAB
:20E0E000405C0258A00201F2104491000048D9440D523B2022506DFF54FD8202E81C820058
:20E1000034F02CF1DA006CF2DA006CF3684868583C010090404F405C0248A00201F21044B2
:20E1200091000048D9440D523B000B506DFF39FD8209A0027DC2058082391D00B50014FFC1
:20E1400016056E0482491D00AF0014FF960434FF484F3F8FA480485F4820520A7F8A6980D5
:20E160000810DA003E0882115F012000DA025F0F3E003C5DC812482F102440C502A46DFF97
:20E18000C2F840F402A46DFF9CFFC812482F102401CA00560BA880406DFFB5F80BA880403F
:20E1A00040F46DFF8EFF3C43C812482F532F20F01024532A204040C56DFFA5F840F402A4D7
:20E1C0006DFF7FFFC812482F532F20F01024532A20F010C55AA8532F20406DFF94F80BA84D
:20E1E000804040F46DFF6DFF3C22C812482F534F20F01024534A204040C56DFF84F840F4A0
:20E2000002A46DFF5EFFC812482F534F20F01024534A20F010C55AA8534F20406DFF73F8FB
:20E220000BA8804040F46DFF4CFF3C013C33081F82003E068210BE008220BE0D3C2BC812E9
:20E24000482F102440C502846DFF5DF840F402846DFF37FF3C1FC812482F532F20F01024F9
:20E260005328204040C56DFF4EF840F402846DFF28FF3C10C812482F534F20F010245348A1
:20E28000204040C56DFF3FF840F402846DFF19FF3C01484FA28F6CF43C02825914FFB70FE1
:20E2A00001F134FF02923C0100902058404C0B451088A00F01FC104491000048D9448D6207
:20E2C0003B301C506DFF6DFC0290A00F7DCF04801D0088004B08312182014B180110370108
:20E2E00061F06E05DA2D34CFB01C3C0E3708E8FBBA0F6E0ADA3034CFB01CDA2E34CFB01C27
:20E30000DA3034CF3C6E4B0241F16B0F31F83C06C2F07B0012144B1F41F0DF00FBFF4B0FC1
:20E3200031418206534620F010AFDA0A4BF2010274F19A16370F6860DA0A4BF20122DF020F
:20E34000F3FF3C189AF6534F20F010AF54F00E079AF6534F20F010AF54FF3C079AF6534F54
:20E3600020F010AF54FF325F8B0F03F034CFB01CC2F6DF06E9FFDF0935008202DA2E34CF5D
:20E38000B01CF644DA3034CF3C2C3C0F534220F010AFDA0A4BF4010268C19A12370F68208A
:20E3A000DA0A4BF40142C2F9DF09F2FF3C189AF2534F20F010AF48CF0EF79AF2534F20F0B8
:20E3C00010AF48CF3C079AF2534F20F010AF48CF325F8B0F03F034CFB01CC2F2DF02E9FFA6
:20E3E00000902010404C0248A00F01FC104491000048D9448D623B0008506DFFD2FBDA00FC
:20E40000A00F7DCF03803C29CE873BD0020034C0B01C32583C05F684DA3034CF3C1E3C11FE
:20E420003BA000004B0801020E123C02325110AF34F1C21F370F68F03BA000004B080182B6
:20E44000DF08F0FF3C0910AF09F07FF88B00030034C0B01CC2FFEEF800906D000C006D0007
:20E460008B0D6D005F126D00930C82046D00130000904DC0E2FF370FE1F78B0F20F23C018F
:20E480000D00400300003C013C018B0F00223C010090F6430D00000300908208820A8209AF
:20E4A0003C130290C21937097090DAFF7F0F048082183C0D3BF000406D00A901022A3BA009
:20E4C00000406D00210CDA6B5FAFEDFF02823C01009020083B80024049A4000A82656D0062
:20E4E000C601910000F6D9FF90A00CA18F8F20F014A0A60FB4FF910000F6D9FF94A00CA38D
:20E500008F8F20000CA2A6F0B4F0910000F6D9FF98A00CA58F8F20000CA4A6F0B4F00090D5
:20E5200020083B20024049A4000A82656D009F01910000F6D9FF9CA00CA18F8F20F014A001
:20E54000A60FB4FF910000F6D9FFA0A00CA38F8F20000CA2A6F0B4F0910000F6D9FFA4A03C
:20E560000CA58F8F20000CA4A6F0B4F00090201082083BA000406D00C70B8270B4A0DA0CF2
:20E58000ACA23B3019F0ACA482048205BB0068699B86096082076D002B133BD02840821508
:20E5A000820682376D008E0C821482056D0090013B20014082156D008B0182246D00A40B0A
:20E5C000821482056D0084016DFF69FFDF021200820491000048D944B96291000058D955B7
:20E5E000A1723B200F506DFF63FB82181D000C013BD0004082356D006B018220DA00BE0AA1
:20E6000082115F01280082215F013500DA035F0F42003C01820491000048D9448D829100C1
:20E620000058D955A1723B2010506DFF41FB82183C413B0001403B0003506D004901910075
:20E6400000F6D9FFA8A03B0020F19B0F68F474FF3C313B0001403B8003506D0039019100B0
:20E6600000F6D9FFA8A03B0040F19B0F60F474FF3C213B0001403BC003506D002901910058
:20E6800000F6D9FFA8A03B0000F19B0F58F474FF3C113B0001403B4003506D001901910020
:20E6A00000F6D9FFA8A03B0000F19B0F50F474FF3C01DF1804801D00A700DA0482005F0F6D
:20E6C000210082105F0F2E0082205F0F3B0082305F0F480082405F0F550082505F0F620011
:20E6E0003C01820491000048D944B48291000058D955A1723BA012506DFFDAFA82183C614D
:20E700003B1001403B2005506D00E200910000F6D9FFA8A0BBA099F99B4F36F46CF13C51DC
:20E720003B1001403B0005506D00D200910000F6D9FFA8A0BBA099F99B4F2EF46CF13C4104
:20E740003B1001403B4005506D00C200910000F6D9FFA8A03B6066F69B4F26F46CF13C31C2
:20E760003B1001403B8005506D00B200910000F6D9FFA8A0BBD0CCFC9B4F1EF46CF13C212E
:20E780003B1001403BC005506D00A200910000F6D9FFA8A0BBD0CCFC9B4F16F46CF13C11F6
:20E7A0003B1001403B1005506D009200910000F6D9FFA8A03B3033F39B3F0EF46CF13C0180
:20E7C000DF1803803C203B2001403B4004506D007F003B30014082256D007A003B40014016
:20E7E00082056D0075003B50014082056D0070003B60014082056D006B003B8001408215B2
:20E800006D00660002823C0100900248DA006E0A3BD028406D00CC0AB0423B0000F2742FC0
:20E820003C093BD028406D00C30AB0427B0000F2742F82048F0848516D00B5170228DA01F0
:20E840006E0A3BD028406D00B30AB0423B0000F2742F3C093BD028406D00AA0AB0427B009B
:20E8600000F2742F02823C0100900248404F0259DA006E0A3BD028406D009A0AB0423B007B
:20E8800000F2742F3C093BD028406D00910AB0427B0000F2742F82048F08485140F402969F
:20E8A0006D00C917DA016E0A3BD028406D00800AB0423B0000F2742F3C093BD028406D0067
:20E8C000770AB0427B0000F2742F00900B451088DA006E0A3BD028406D006A0AB0423B006A
:20E8E00000F2742F3C093BD028406D00610AB0427B0000F2742F8204028502966D00551872
:20E90000DA016E0A3BD028406D00520AB0423B0000F2742F3C093BD028406D00490AB0423C
:20E920007B0000F2742F00903B00C0F70FF48000BB0000F8264F8F0F0120DA003E053B0083
:20E94000C0F7BE0B3C23B70416F5EE023C29861F3C07861F370F70F0C210370070006FAFF3
:20E96000FA7F8B0007018F700100B70F16F58FDF00F0420242F23C147B00F8F7422FB704FE
:20E9800016058FD0002042F23C0BB70491F782708FE00000420F8FDF00F042F23C0100900E
:20E9A0006D00030000902008910000F6D9FF002114FFDF6F7A0049AF000A3B0008406D00E2
:20E9C00075003B7001403B0002506DFF81FF82243B1003506DFF7CFFDA003C0E3B80004013
:20E9E0008BCF04506DFF74FF10FC3B9000406DFF0EFF34C2C21FBF8FF3FF3B700140820570
:20EA00006DFF66FF82046D00510091000046D944301149A5000A6D004E0091000046D94405
:20EA2000301191000056D9558CB091000066D96688B091000076D97790B06D008F0049AF4B
:20EA4000000A3B800240826540F46DFF10FF91000026D922B0A094FFB42F910000F6D9FF42
:20EA6000B4A08CA1B4FF910000F6D9FFB8A08CA2B4FF49AF000A3B200240826540F46DFFA4
:20EA8000F6FE91000026D922BCA094FFB42F910000F6D9FF80B08CA1B4FF910000F6D9FF30
:20EAA00084B08CA2B4FF0090024582146DFF10FF00902010404F405C09C4C0086DFF36FF38
:20EAC00074A209C4C2086DFF31FF89A2040909C4C4086DFF2BFF89A2080909C4C6086DFF43
:20EAE00025FF89A20C0909A00C0909A10C0909A2080909A3080954A454A509A604095801B6
:20EB00004BF641F06B5461FF6B3261FF6B10614F6DFFFFF63BF026F19B3FA8F34BF201F0F6
:20EB2000370F61F16E19580382004B0F01F0AE023C036722BF2F58014B2F51F074FF580247
:20EB40004B2F51F06CF154AF4B2F51F06CF258034B2F51F06CF300902010404F405C406D74
:20EB6000407E54FF54F04B0F4180481F48104B0F4100482F48214B1F41904811483254F396
:20EB8000482F4BF341F06B2161FF7B0000144B1F41407B00F8F36B0821007B0000146B1025
:20EBA000715F6DFF0EED74A254F0483F4BF04100481F48216B1F71F07B0000044B0F4140AC
:20EBC0006DFFD2EC6722BFFF780154F048114822483F4BF241F06B1061FF7B0000044B0F9B
:20EBE00041407B00F8F36B0921087B0000146B10715F6DFFE6EC89A2080954AF7B40330448
:20EC00004B0F41F03BA0FD009B9004044B0F51F074AF58017B4033044B0F41F03BA0FD00F2
:20EC20009B9004044B0F51F0780158027B4033044B0F41F03BA0FD009B9004044B0F51F010
:20EC40007802580282004B0F01F0AE0358023C0658027B403B046B0021FF780254A074C045
:20EC600009A0040974D074EF0090910000F6D9FFA8B009FFC008532F20406DFFC1F2402CB3
:20EC8000DA006E093B201E406D009208B042DA04742F3C093B201E406D008A08B0427B4046
:20ECA00000F0742F82048205910000F6D9FFA8B009FFC008C2FF370F7060910000F6D9FFF7
:20ECC000A0B009FFC008C2FF370F70706D00FF0282003C0E532020F010CF91000026D922DF
:20ECE00094B0092FC008B4FFC21037007000910000F6D9FFA8B009FFC0083FF0EDFFDA0028
:20ED00003C0E8224910000F6D9FFA8B009F5C00840C46D00DE15C21F370F70F0910000F614
:20ED2000D9FFA0B009F0C0083F0FEDFFDA016E093B201E406D003C08B042DA04742F3C093C
:20ED40003B201E406D003408B0427B4000F0742F40C46DFF09F10090201849A4000A6DFF7C
:20ED600099F9DA01B4AF910000F6D9FFA8B009FFC008ACA1910000F6D9FFA0B009FFC00870
:20ED8000ACA2910000F6D9FF9CB014FF82003E0682103E0982203E0C3C0CDA062CA6DA0800
:20EDA0002CA73C07DA082CA6DA102CA73C023C01911000F8D9FFBA0FF803911000F8D9FFAB
:20EDC000EA1EF80449A4000A6DFF28F900902010DAD3B4AFDAD9ACA23B3019F0ACA4822470
:20EDE0008205BB0070689B3639603BE00C706D00FF0E3B001E408215820682376D00620836
:20EE00003B101E408215820682376D005B083B201E408215821682376D0054083B401E405E
:20EE20008215821682376D004D08910000F6D9FF98B014F46D002202910000F6D9FFA4B035
:20EE400009F4C008910000F6D9FF94B009F5C0086D000902DA006E093B101E406D00A807F6
:20EE6000B042DA02742F3C093B101E406D00A007B0427B2000F0742F3BA000406D0044072C
:20EE8000DA016E093B101E406D009207B042DA02742F3C093B101E406D008A07B0427B2087
:20EEA00000F0742F3B8007406D002E07DA006E093B201E406D007C07B042DA04742F3C0969
:20EEC0003B201E406D007407B0427B4000F0742F3B1001406D0009053B8007406D001407C0
:20EEE0003B100B406D000105822482156D00391582243BC002506D00341582243BD0025065
:20EF00006D002F153B200B406D00EF04822482156D00271582243BC002506D002215822417
:20EF20003BD002506D001D153B300B406D00DD04822482156D00151582243BC002506D009D
:20EF4000101582243BD002506D000B15822482156D00071582243BC002506D000215822419
:20EF60003BD002506D00FD143B400B406D00BD04822482756D00F5143B000C406D00B50402
:20EF800082243B200A506D00EC14822482256D00E81482243B4008506D00E3143B100C407F
:20EFA0006D00A30482243B500C506D00DA143B200C406D009A0482243BA000506D00D11480
:20EFC000822482056D00CD143B300C406D008D0482243BA008506D00C41482243BA0025010
:20EFE0006D00BF143B400C406D007F0482243BA008506D00B61482243BE00E506D00B114B9
:20F000003B500C406D00710482243BE000506D00A8143B6003406D006804910000F6D9FFE7
:20F0200098B014FF82003E0882103E0C82203E0F8230BE033C1882243B000C506D009114CC
:20F040003C12822482056D008C143C0D82243B000A506D0086143C0782243B0006506D00B6
:20F0600080143C013B000E406D003F0482243BF000506D00761482243BA001506D007114AA
:20F0800082243BF000506D006C1482243B8001506D00671482243BF002506D00621482241C
:20F0A0003B8002506D005D1482243B0002506D00581482243B2002506D00531482243BF061
:20F0C00001506D004E1482243BB001506D00491482243B3002506D00441482243B70035098
:20F0E0006D003F14822482056D003B14822482756D003714822482256D00331482243B0030
:20F1000001506D002E143B100E406D00EE0382243BF000506D00251482243BB001506D00E2
:20F12000201482243BF000506D001B1482243B7001506D00161482243B3003506D001114AF
:20F1400082243BC002506D000C1482243B9002506D00071482243BE002506D0002148224A8
:20F160003B0003506D00FD1382243B0003506D00F81382243B9003506D00F31382243BF0D0
:20F1800003506D00EE13822482056D00EA13822482756D00E613822482356D00E2138224AF
:20F1A0003B0001506D00DD133BA002406D009D03822482056D00D513822482256D00D1131C
:20F1C000822482056D00CD1382243B2008506D00C8133BB002406D008803822482056D0055
:20F1E000C013822482356D00BC13822482056D00B81382243B3008506D00B3133B000F4018
:20F200006D007303822482156D00AB133B600F406D006B03822482056D00A3133BA0034070
:20F220006D006303822482556D009B133B9002406D005B03DA016E093B201E406D00B80556
:20F24000B042DA04742F3C093B201E406D00B005B0427B4000F0742F6DFF09FD6DFF7EFD82
:20F260000090910000F6D9FFA4B0B4F4910000F6D9FF94B0B4F50090910000F6D9FF98B020
:20F2800034F4DA003E48DA013E46DA02BE41DA033E4F3C1B910000F6D9FFA8B0DA80B4FF27
:20F2A000910000F6D9FFA0B0DAA0B4FF3C0E910000F6D9FFA8B0DAA0B4FF910000F6D9FFE5
:20F2C000A0B0DA80B4FF3C0100900B4510880B6710A8910000F6D9FFA8B009F0C0080B0867
:20F2E000304191000048D9449C923B000B506DFF58F4910000F6D9FFA0B009F0C0080B09A7
:20F30000304191000048D9449C923B100B506DFF48F4910000F6D9FFA8B009F0C0080B0A7D
:20F32000304191000048D9449C923B200B506DFF38F4910000F6D9FFA0B009F0C0080B0B64
:20F34000304191000048D9449C923B300B506DFF28F4910000F6D9FF98B014F0DA003E0AFD
:20F36000DA013E08DA025F0F3700DA035F0F34003C633BA002406D00B802822482056D00EF
:20F38000F0128224C228370868506D00EA12822482056D00E6128224C22A370A68506D00F1
:20F3A000E0123BB002406D00A002822482056D00D8128224C219370968506D00D21282242B
:20F3C00082056D00CE128224C21B370B68506D00C8123C323BA002406D00870282248205E7
:20F3E0006D00BF128224C218370868506D00B912822482056D00B5128224C21A370A685044
:20F400006D00AF123BB002406D006F02822482056D00A7128224C229370968506D00A112B7
:20F42000822482056D009D128224C22B370B68506D0097123C013BC002406D005602009011
:20F4400049AA00CA0B451088026A910000F6D9FFA8B009F0C0080B08304191000048D944A9
:20F460009C923BC01C506DFF9CF3910000F6D9FFA0B009F0C0080B09304191000048D94411
:20F480009C923BD01C506DFF8CF3DA006E093B201E406D008D04B042824074203C093B20EC
:20F4A0001E406D008504B0427B4000007420910000F6D9FF9CB014F0DA003E09DA015F0F9E
:20F4C0004D00DA025F0FC4001D00C3009A58370F70609A79370F70700B8910486DFFF7FE63
:20F4E00082003C318B0A1EF0536F20F0910000F8D9FF355210FF01F000F614F182023C20E5
:20F500006F011000DA0603F20AF0532F20F010AF91000026D922A4B0092FC008B4FF3C0E48
:20F52000DA0603F20AF0532F20F010AF91000026D92294B0092FC008B4FF86F1C212BF8276
:20F54000E1FFC210BF60D0FF822449A4000A3B0003506D00BE113C7C9A78370F70608BF940
:20F5600000F0370F70700B8910486DFFB0FE82033C648B0A1E00530021F0910000F8D9FFD2
:20F580001DE210FF01F300F614F08B0A1E10530121F0910000F8D9FF1DE210FF01F300F6EE
:20F5A000088482013C206F001000DA0803F10A23532220F010AF91000026D922A4B00922E9
:20F5C000C008B4F23C0EDA0803F10A23532220F010AF91000026D92294B00922C008B4F29D
:20F5E00086F0C211BF81E1FF82003C246F041200DA0803F00A138B0104F0532F20F010AF78
:20F6000091000026D922A4B0092FC008B4FF3C10DA0803F00AF38B0F04F0532F20F010AF34
:20F6200091000026D92294B0092FC008B4FF86F4C210BF80DDFFC213BF839DFF822449A474
:20F64000000A3B0008506D0044113C023C01DA016E093B201E406D00AB03B042DA04742F37
:20F660003C093B201E406D00A303B0427B4000F0742F009020180B4510880B6710A809ACAA
:20F680005808910000F6D9FFA8B009F0C0080B08304191000048D9449C923B2029506DFFAA
:20F6A00080F2910000F6D9FFA0B009F0C0080B09304191000048D9449C923B3029506DFF6F
:20F6C00070F282000BB0304191000048D9449C923B4029506DFF65F2DA080BBF5041910071
:20F6E0000048D9449C923B5029506DFF5AF2DA000BCF304191000048D9449C923B6029505E
:20F700006DFF4FF2DA060BCF504191000048D9449C923B7029506DFF44F27B00F8D349A4D4
:20F72000000A82043B1001506DFF1FEE49A4000A3B0002401ACB92256DFF17EE3C067B00E6
:20F7400012F44BFD41D0C2FBFF1BFBFF4B0A31F14B0D31014B0F01024B0041F16BDF714A99
:20F7600049A4000A02C56DFFA2F549A4000A0B8910486D006400009020100B4510A80269E1
:20F78000027C910000F6D9FFA8B009F0C0080B0A304191000048D9449C923B1024506DFF9E
:20F7A00000F2910000F6D9FFA0B009F0C0080B0B304191000048D9449C923B2024506DFF01
:20F7C000F0F182000BC0304191000048D9449C923B3024506DFFE5F1DA0A0BCF5041910065
:20F7E0000048D9449C923B4024506DFFDAF1DA0149A4000A82043BC000506DFFB6ED49A4B1
:20F80000000A3B0002408B1C00506DFFAEEDFFAC0A803C0453AF20F0C2FCFF1CFDFF4BF9C3
:20F82000018249A4000A02946DFFDDF549A4000A0BAB10486D00030000900B451088404C01
:20F84000910000F6D9FFA8B009FFC0080BF8304191000048D9449C923B3022506DFFA1F1AE
:20F86000910000F6D9FFA0B009FFC0080BF9304191000048D9449C923B4022506DFF91F195
:20F88000820A3C2C910000F6D9FF9CB014F0DA003E07DA01BE0282215F011D003C1C8260B1
:20F8A000030A0AF8370F704001CA00F609F6000802956DFFC7FD3C0FDA0803FA0AF8370F42
:20F8C000704001CA00F609F6000802956DFFBAFD3C023C01C21A370A70A001CA00F609FF85
:20F8E0000008EED100900248DA006E093B001E406D005E02B042DA01742F3C093B001E4062
:20F900006D005602B0427B1000F0742F822402856D002710DA016E093B001E406D0048029F
:20F92000B042DA01742F3C093B001E406D004002B0427B1000F0742F0090910000F6D9FFCB
:20F9400084C034F4DF540E807C4691100048D944946F3C01910000F6D9FFBCB0F4F43C1A69
:20F96000DF640E807C4691100048D944946F3C01910000F6D9FFB8B0F4F43C0C7C46911054
:20F980000048D944946F3C01910000F6D9FF80C0F4F4009000908200532020F0104F09515D
:20F9A00041080C528F8F20F0A6F1B70195F5B4FFC210532020F0104F0C528FDF3F100C53B8
:20F9C000865FA6F1B70195F5B4FFC210532020F0104F0C538FAF3F100C54862FA6F10C5509
:20F9E0008FAF20F0A6F1B70195F5B4FFC210532020F0104F0C558FFF3F100C56867FA6F13D
:20FA0000B70195F5B4FFC210532020F0104F0C568FCF3F100C57864FA6F1B70195F5B4FF6A
:20FA2000C210532020F0104F0C578F9F3F000C58861FA6F00C598F9F20F0A6F0B70095F529
:20FA4000B4FF095F57082E23DA003C02DA012C4C910000F6D9FF0421DA012CFD00906D00EB
:20FA600057003B80BBF07F2F0880910000F6D9FF8CC0DA0034FF910000F6D9FF8CC014FF1D
:20FA8000910000F6D9FF90C010FF82246D00021234F2910000F6D9FF8CC091000026D922FE
:20FAA0008CC0142FC21F34FF910000F6D9FF8CC014F0DA19FE09910000F6D9FF90C014F047
:20FAC000DA0FFE02910000F6D9FF90C009FF5808EE0B91000046D944042191000056D955FF
:20FAE00090C06DFF5AFF009082243B50C35006553BE000603BA000706D000B1282649110EB
:20FB00000048D9449E9F6DFF1AFF00904DC0E1FF16073C01370F48406DFF79C6BC216DFF25
:20FB2000A8C1913000FF39FF3506160F4B0F41F14BF251F03C013C014B0F71814DC0E1FF47
:20FB400016073C01370F48406DFF61C64C243C01910000F6D9FF88C054F05204910000F675
:20FB6000D9FF88C074FF8205BB0024649BF6006082076DFFCB970B231048820702866DFFDD
:20FB800015983C0100900D00000282046DFF83F49100004F82046DFF1CC6910000F6D9FF60
:20FBA000ACC0DA0034FF0D00400200800D00000282046DFF70F4C5F4004082046DFF09C6DE
:20FBC000910000F6D9FFB0C0DA0034FF0D004002008002484DC0E1FF16073C01370F48401B
:20FBE0004DC0E20F3700E1078B0020F23C013C01EE0D6DFF0CC6092010093C013C014C246C
:20FC00003C01A20F3F8FFDFF3C3A82FF5F4F3700DA003E44DA01BE4A3C32910000F6D9FF44
:20FC2000ACC0DA0134FF6DFF26F485FF100042F8A5F8300002246DFF2EF43C01910000F6B1
:20FC4000D9FFACC014FFEEFB3C1A910000F6D9FFB0C0DA0134FF6DFF0EF485FF1040428F1E
:20FC6000A5FF304002246DFF16F43C01910000F6D9FFB0C014FFEEFB3C023C010090201091
:20FC80004DC0E2FF370FE1F78B0F20823C010D00400300003C013C01820034A0DA002CA217
:20FCA000DA1F2CA3DA002CA1DA017801DADCACA4DA002CAA9100004F49A5000A6DFFD2C5F0
:20FCC0009100004F82046DFF84C5DA0034AFDA002CA2DA1F2CA3DA002CA1DA017801DADD2A
:20FCE000ACA4DA012CAAC5F4004049A5000A6DFFB9C5C5F4004082046DFF6BC576830D0007
:20FD000000030090024FBB00C4097FF017803C0A3B0080429BB4E64E6DFF5DFFBB00C4095B
:20FD2000A20FBB00C4093FF0F5FF3B50C3400654E2F46DFF50FF3C073B50C3400654E2F4ED
:20FD40006DFF49FF0090024F3B00A0059B2026007FF019803C0C3B0080429BB4E64E6DFF11
:20FD60003AFF3B00A0059B202600A20F3B00A0059B2026003FF0F1FF534F26406DFF2BFF5A
:20FD80003C05534F26406DFF26FF0090DA003C0C534F2000600F9140003F30F3D93FD4384F
:20FDA000820074F0C21FBF4FF57F0090BB00FEFF26F4DA005F4F3200DA405F4F34003B00A7
:20FDC00014F05F4F35003B0016F05F4F36003B001AF05F4F37003B001CF05F4F38003B0085
:20FDE0001EF05F4F39003B0028F05F4F3A003B002AF05F4F3B003B002CF05F4F3C003B0019
:20FE00002EF05F4F3D003B0040F05F4F3E003B0042F05F4F3F003C429140002FD922000AA5
:20FE20003C3E9140002FD922008A3C399140002FD922000B3C349140002FD922004B3C2F27
:20FE40009140002FD92200CB3C2A9140002FD922400B3C259140002FD922404B3C2091401C
:20FE6000002FD922000C3C1B9140002FD922004C3C169140002FD922008C3C119140002F88
:20FE8000D92200CC3C0C9140002FD922008D3C079140002FD92200CD3C023C013C01009078
:20FEA000024F02F46DFF84FF161F09202409570061FF6E0382123C0282023C013C010090F9
:20FEC0000B451088026AF69DDA003E74DA023E743C05DA003C05DA083C03DA103C013C0839
:20FEE000DA043E723C03DAC03C03DA803C0102846DFF5EFF8FF80141402402F56DFF94AFA3
:20FF000002846DFF55FF8FF80141820540246DFFBDAFDF19198076AC02846DFF49FF8FF89B
:20FF200001F182100FF01000892004093C0C02846DFF3EFF8FF801F17B1000000FF01000EE
:20FF4000892004090090024F765B02F46DFF30FF161F82100FF01000892004093C0B02F4DF
:20FF60006DFF26FF161F7B1000000FF01000892004090090910000F8D9FF20D0D4F46DFF56
:20FF8000D4A3910000F8D9FF20D0C8246DFFCDA3009020880249025A4DC0E2FF370FE1F7E6
:20FFA0008B0F20B23C010D00400300003C013C01DA024BF901426DFFE3A3402F49A4240AEF
:20FFC00040F56DFF09A76DFF6CBF02246DFF37D80B2310C882083C1C820702A60BCD10484F
:20FFE0006DFF94950B231048BB0024649BF6006082076DFFDB95BBF0FFFF7FF203803C0B69
:02000004800179
:200000008FFD1F1077CD800F0B0110C8C218DA103FF8E4FFDA103FF80280DA003E98DA0162
:200020003E9DDA02BE92DA03BE973C1DDA0089AF2418DA1E89AFA2183C16DA0089AF2A1850
:20004000DA1F89AFA8183C0FDA0089AF2418DA2089AFA2183C08DA0089AF2A18DA2189AF5F
:20006000A8183C01DA024BF90102DF011780DA0089AF0018DA0789AF2018DA0189AF211822
:2000800089A228090BCD10486DFF07D889A22409DA0089AF0C183C15DA0189AF0018DA099C
:2000A00089AF2618DA0289AF271889A230090BCD10486DFFF2D789A22C09DA0089AF141810
:2000C000DA0089AF9A18DA0089AF9C18DA0089AF012849A4000A49A5240A6DFFB8A402BFBF
:2000E0006E030D0000034D00D0FF16015E19DA0182103700010E37F0040C89F0283949A424
:20010000000A6DFF83A60090DAAB3F4F0D00DA003FF40A005AF4910000F8D9FF94F190FFB6
:20012000D4FFDC0F1D00F20391000028D9225C001D00F60391000028D92238E01D00F003ED
:2001400091000028D92248001D00EA0391000028D92234F01D00E40391000028D92220F0F9
:200160001D00DE0391000028D9220CF01D00D80391000028D92244101D00D2039100002826
:20018000D92258101D00CC0391000028D9226C101D00C60391000028D92270001D00C003F6
:2001A00091000028D9227C201D00BA0391000028D92268201D00B40391000028D9225420DD
:2001C0001D00AE0391000028D92240201D00A80391000028D92278301D00A203910000289E
:2001E000D9224C401D009C0391000028D92250301D00960391000028D92264301D009003DA
:2002000091000028D92248501D008A0391000028D92274401D00840391000028D922604088
:200220001D007E0391000028D92244601D00780391000028D92258601D0072039100002879
:20024000D9225C501D006C0391000028D92270501D00660391000028D92254701D00600379
:2002600091000028D92240701D005A0391000028D9226C601D00540391000028D922687020
:200280001D004E0391000028D9227C701D00480391000028D9224C901D004203910000283D
:2002A000D92278801D003C0391000028D92264801D00360391000028D92250801D0030032D
:2002C00091000028D92260901D002A0391000028D9225CA01D00240391000028D92248A0A0
:2002E0001D001E0391000028D92274901D00180391000028D92270A01D0012039100002821
:20030000D9226CB01D000C0391000028D92258B01D00060391000028D92244B01D000003F0
:2003200091000028D92240C01D00FA0291000028D92268C01D00F40291000028D92254C039
:200340001D00EE0291000028D92248F01D00E80291000028D9227CC01D00E20291000028F3
:20036000D92274E01D00DC0291000028D9224CE01D00D60291000028D92260E01D00D0027B
:2003800091000028D92278D01D00CA0291000028D92264D01D00C40291000028D92250D0D9
:2003A0001D00BE0291000028D92270F01D00B80291000028D92284001D00B20291000028B3
:2003C000D92298001D00AC0291000028D9225CF01D00A60291000028D922A4201D00A002C3
:2003E00091000028D922BC101D009A0291000028D92290201D00940291000028D922A81041
:200400001D008E0291000028D92294101D00880291000028D92280101D0082029100002892
:20042000D922AC001D007C0291000028D922A0301D00760291000028D922B4301D0070023A
:2004400091000028D922B8201D006A0291000028D9228C301D00640291000028D92284500C
:200460001D005E0291000028D922B0401D00580291000028D9229C401D005202910000282A
:20048000D92288401D004C0291000028D92280601D00460291000028D92294601D0040022E
:2004A00091000028D92298501D003A0291000028D922AC501D00340291000028D922907090
:2004C0001D002E0291000028D922BC601D00280291000028D922A8601D0022029100002802
:2004E000D922A4701D001C0291000028D922B8701D00160291000028D92288901D001002A6
:2005000091000028D922B4801D000A0291000028D922A0801D00040291000028D9228C8013
:200520001D00FE0191000028D9229C901D00F80191000028D92298A01D00F20191000028F4
:20054000D92280B01D00EC0191000028D922ACA01D00E60191000028D92284A01D00E0018C
:2005600091000028D922B0901D00DA0191000028D92294B01D00D40191000028D922A4C08D
:200580001D00CE0191000028D922B8C01D00C80191000028D922BCB01D00C20191000028A4
:2005A000D92290C01D00BC0191000028D922A8B01D00B60191000028D9228CD01D00B00158
:2005C00091000028D92288E01D00AA0191000028D922B4D01D00A40191000028D922A0D019
:2005E0001D009E0191000028D9229CE01D00980191000028D922ACF01D00920191000028A0
:20060000D92298F01D008C0191000028D922B0E01D00860191000028D92284F01D008001FF
:2006200091000028D922E8001D007A0191000028D922D4001D00740191000028D922C000F8
:200640001D006E0191000028D922E4101D00680191000028D922D0101D0062019100002813
:20066000D922FC001D005C0191000028D922F8101D00560191000028D922F4201D005001A3
:2006800091000028D922E0201D004A0191000028D922CC201D00440191000028D922C44084
:2006A0001D003E0191000028D922F0301D00380191000028D922C8301D00320191000028FF
:2006C000D922DC301D002C0191000028D922E8501D00260191000028D922D4501D00200183
:2006E00091000028D922C0501D001A0191000028D922EC401D00140191000028D922D84020
:200700001D000E0191000028D922FC501D00080191000028D922E0701D00020191000028AA
:20072000D922CC701D00FC0091000028D922E4601D00F60091000028D922F8601D00F00045
:2007400091000028D922D0601D00EA0091000028D922F4701D00E40091000028D922D89079
:200760001D00DE0091000028D922C4901D00D80091000028D922C8801D00D20091000028DD
:20078000D922DC801D00CC0091000028D922F0801D00C60091000028D922EC901D00C00005
:2007A00091000028D922E4B01D00BA0091000028D922D0B01D00B40091000028D922E8A0D9
:2007C0001D00AE0091000028D922FCA01D00A80091000028D922C0A01D00A20091000028AD
:2007E000D922D4A01D009C0091000028D922DCD01D00960091000028D922F4C01D009000A9
:2008000091000028D922C8D01D008A0091000028D922CCC01D00840091000028D922E0C0B0
:200820003C7E91000028D922F8B03C7991000028D922ECE03C7491000028D922C4E03C6FBA
:2008400091000028D922D8E03C6A91000028D922F0D03C6591000028D922C0F03C609100E0
:200860000028D922FCF03C5B91000028D922E8F03C5691000028D922D4F03C5191000028F6
:20088000D9220C113C4C91000028D92238013C4791000028D92210013C4291000028D92251
:2008A00024013C3D91000028D92208213C3891000028D92234113C3391000028D9222011FC
:2008C0003C2E91000028D9221C213C2991000028D92218313C2491000028D92204313C1FB7
:2008E00091000028D92230213C1A91000028D9222C313C1591000028D92214413C10910055
:200900000028D92200413C0B820491000048D94486A23B3010506DFF44E9A0023C010090B5
:2009200020389100014F6DFF10A8910001FF19FF00C0AE1F9100014F8204BB0068599B8521
:20094000B9546DFFF5A99100014F82246DFFD5A949A4000A9100015F6DFF79A982083C19BA
:2009600082093C13370868F02CA4370948F02CA549A4240A49A5000A6DFFC8A849A4240AE3
:2009800082146DFFA6A9C219DA083FF9ED7FC218BF48E87F00902038024F0B5610883B00F0
:2009A00071020B90504191000048D94486A23B8015506DFFF6E802F46DFFA8FB402F14FF89
:2009C00082003E0882103E0782203E0682303E053C053C043C033C023C019100014F6DFF15
:2009E000B4A79100012F192F00C0AE1F9100014F8204BB0068599B85B9546DFF99A99100B7
:200A0000014F82246DFF79A949A4000A9100015F6DFF1DA914FF2CA409FF01082CA5BB00B8
:200A200068F99B8FB9F44B0861014B0F51F04B0F71F17802F807DA0189AF120814FF820037
:200A40003E0A8210BE0882205F0F260082305F0F33003C418205029409A6080982076DFF1E
:200A60005590FB0071620B2310486DFF9F9089A20C093C318205029409A6080982076DFF23
:200A80004590FB0071620B2310486DFF8F9089A20C093C218205029409A6080982076DFF33
:200AA0003590FB0071620B2310486DFF7F9089A20C093C118205029409A6080982076DFF43
:200AC0002590FB0071620B2310486DFF6F9089A20C093C0149A4240A49A5000A6DFF16A8E8
:200AE00049A4240A82146DFFE0A80090024F02583B0071020B80504191000048D94486A22E
:200B00003B7013506DFF4DE802F46DFFFFFA402F14FF3B008000E20F60F29110013F302317
:200B2000D934000D09F401086DFF7FA714FF82003E0A8210BE0682205F0F220082305F0F7E
:200B40002D003C3982050284820702266DFFDE8FFB0071620B2310486DFF289002283C2B53
:200B600082050284820702266DFFD08FFB0071620B2310486DFF1A9002283C1D82050284F2
:200B8000820702266DFFC28FFB0071620B2310486DFF0C9002283C0F820502848207022658
:200BA0006DFFB48FFB0071620B2310486DFFFE8F02283C0114FF3B008000E20F60F2911020
:200BC000013F3023D934000D09F4010802856DFF4EA70090094F4218370FE3013C04094F76
:200BE00010293C01020FC2F0EEFB009049AA20BA0B4510880B6710A809ACA04809ADA44825
:200C000009AEA848DA644BFB01020B08004191000048D944ADA23BB03D506DFFC2E7DA6442
:200C20004BFC01020B08004191000048D944ADA23BC03D506DFFB5E7DA644BFD01020B08A5
:200C4000004191000048D944ADA23BD03D506DFFA8E73B3019F03EEEDA644BFE01020B083E
:200C6000004191000048D944ADA23B003E506DFF98E7910000F6D9FF2421B4FE370848401D
:200C80006DFF4FAB402CB4AE49A4103A49A5283A0B8B10480BCD10686D00900149A4040A62
:200CA00040C56DFF7FAFDA002CA4BB00C2FB9BEFC3F47805DA002CAC49AF103AF80949A4D3
:200CC000300A49A5040A6DFF47AD49A4303A49A5300A6DFF23AD4B0A61F1783DDA003E99B6
:200CE000DA01BE93DA02BE9EDA035F9F27003C3109AF7838B70F81F189AF383809AF783871
:200D0000961089AF38383C2509AF7838B70F81F189AF383809AF7838B70F01F289AF383813
:200D20003C1809AF7838960889AF383809AF7838961089AF38383C0D09AF7838960889AF74
:200D4000383809AF7838B70F01F289AF38383C0109AF7838962089AF383809A0F838DA089C
:200D600037F006F389AFB83809AF7938B70F01F289AF393809A2E83989A2CC493B3019F0E0
:200D80007EE609AF7838960489AF383849A43C1A49A5303A6DFFD0AB3B3019F05FEF2D8054
:200DA000D83CD4FFC8AF09FF5108B70F01F389FF110882048205820640C46DFFFBAA9100DE
:200DC00000F6D9FF24213B3019F0B4FFDA003E88DA013E89DA023E8ADA033E8B3C0D3B20A9
:200DE00001E03C0A3B8007E03C073BE00DE03C043B4014E03C01DA0509C0560837F003F2D1
:200E000089CF1608534820F0910000F6D9FF142110FF4CC674FF534820F0910000F6D9FF7F
:200E2000142110FF534820F091000026D92214211022092FC208B77F85F3ACF1534820F0B2
:200E4000910000F6D9FF142110FF534820F091000026D92214211022142FB71F03F234FFEA
:200E6000534820F0910000F6D9FF142110FF534820F091000026D92214211022142FB71F47
:200E800083F034FF534820F0910000F6D9FF142110F2534820F0910000F6D9FF142110FF1D
:200EA000081FB71F03F12C21534820F0910000F6D9FF142110FF534820F091000026D92249
:200EC00014211022092FC008B71F83F3B4FF534820F0910000F6D9FF142110F2534820F0C0
:200EE000910000F6D9FF142110FF082F96202C22534820F0910000F6D9FF142110F2534838
:200F000020F0910000F6D9FF142110FF082FB70F81F12C22534820F0910000F6D9FF142122
:200F200010F2534820F0910000F6D9FF142110FF082FB70F01F32C22534820F0910000F6F0
:200F4000D9FF142110F2534820F0910000F6D9FF142110FF082FB71F03F02C22534820F03B
:200F6000910000F6D9FF142110F2534820F0910000F6D9FF142110FF081FB71F83F22C21CE
:200F8000534820F0910000F6D9FF142110F2534820F0910000F6D9FF142110FF0830DA664A
:200FA0004BFE0122DA064BF301229AD2370F68F037F004F22C2300900B67108894AF404FA2
:200FC000405C3B80000089F014083B00080028C03B0008002840820089F01508820089C06C
:200FE00005083B00080089C0040882005F400D0082105F40C20082205F408B0182305F400D
:2010000087021D00CF03F65791000028D9221851F4F23C12DF15088091000028D922285111
:20102000F4F23C0A820491000048D944ADA23B2004506DFFB6E5DF68088091000028D92280
:201040003841E8223C12DF78088091000028D9220851E8223C0A820491000048D944ADA2B8
:201060003B6004506DFF9DE53BC000005F09088091000028D9222841E8423C0A8204910004
:201080000048D944ADA23B9004506DFF8AE53B2001007E07910000F8D9FF3851F4CF3C6A6E
:2010A0003B8001007E07910000F8D9FF2061F4CF3C613BE001007E07910000F8D9FF346116
:2010C000F4CF3C583B4002007E07910000F8D9FF0871F4CF3C4F3BA002007E07910000F8A4
:2010E000D9FF1C71F4CF3C463B0003007E07910000F8D9FF3071F4CF3C3D3B6003007E0722
:20110000910000F8D9FF0481F4CF3C343BC003007E07910000F8D9FF1881F4CF3C2B3B20B4
:2011200004007E07910000F8D9FF2C81F4CF3C223B8004007E07910000F8D9FF0091F4CFFE
:201140003C193B0006007E07910000F8D9FF0C61F4CF3C103B3019007E04A00FF4CF3C0AD9
:20116000820491000048D944ADA23B7005506DFF18E51D0017033B6006005F0508809100E6
:201180000028D92224A1F4F23C143B7006005F05088091000028D92234A1F4F23C0A820459
:2011A00091000048D944ADA23BF005506DFFF9E43BC006005F08088091000028D9223491B8
:2011C000E8223C1E3BD006005F08088091000028D92204A1E8223C143BE006005F080880E8
:2011E00091000028D92214A1E8223C0A820491000048D944ADA23B4006506DFFD2E43B201D
:2012000007005F09088091000028D9221491E8423C143B3007005F09088091000028D922EE
:201220002491E8423C0A820491000048D944ADA23B8006506DFFB5E43B8007007E079100D0
:2012400000F8D9FF04B1F4CF3C613BE007007E07910000F8D9FF18B1F4CF3C583B400800FE
:201260007E07910000F8D9FF2CB1F4CF3C4F3BA008007E07910000F8D9FF00C1F4CF3C468E
:201280003B0009007E07910000F8D9FF14C1F4CF3C3D3B6009007E07910000F8D9FF28C1A0
:2012A000F4CF3C343BC009007E07910000F8D9FF3CC1F4CF3C2B3B200A007E07910000F877
:2012C000D9FF10D1F4CF3C223B800A007E07910000F8D9FF24D1F4CF3C193BE00A007E07D2
:2012E000910000F8D9FF38D1F4CF3C103B3019007E04A00FF4CF3C0A820491000048D9443B
:20130000ADA23B5007506DFF4CE41D004B023BC00C005F05088091000028D9224C01F4F2BC
:201320003C323BD00C005F05088091000028D9225C01F4F23C283BE00C005F05088091003D
:201340000028D9226C01F4F23C1E3BF00C005F05088091000028D9227C01F4F23C143B00F8
:201360000D005F05088091000028D9224C11F4F23C0A820491000048D944ADA23BF00750EA
:201380006DFF0FE43B200D005F08088091000028D9221CF1E8223C1E3B300D005F0808800B
:2013A00091000028D9222CF1E8223C143B400D005F08088091000028D9223CF1E8223C0A5A
:2013C000820491000048D944ADA23B4008506DFFE8E33B800D005F09088091000028D922CC
:2013E0000CF1E8423C323B900D005F09088091000028D9220CE1E8423C283BA00D005F0911
:20140000088091000028D9221CE1E8423C1E3BB00D005F09088091000028D9222CE1E8423C
:201420003C143BC00D005F09088091000028D9223CE1E8423C0A820491000048D944ADA258
:201440003BB008506DFFADE33BE00D007E07910000F8D9FF5C11F4CF3C583B400E007E076D
:20146000910000F8D9FF7011F4CF3C4F3BA00E007E07910000F8D9FF4421F4CF3C463B0088
:201480000F007E07910000F8D9FF5821F4CF3C3D3BC00F007E07910000F8D9FF6C21F4CF62
:2014A0003C343B2010007E07910000F8D9FF4031F4CF3C2B3B8010007E07910000F8D9FF1F
:2014C0005431F4CF3C223BE010007E07910000F8D9FF6831F4CF3C193B4011007E07910002
:2014E00000F8D9FF7C31F4CF3C103B3019007E04A00FF4CF3C0A820491000048D944ADA2D7
:201500003B7009506DFF4DE31D004C013B2013005F05088091000028D9225071F4F23C329E
:201520003B3013005F05088091000028D9227061F4F23C283B4013005F050880910000283F
:20154000D9224071F4F23C1E3B5013005F05088091000028D9226071F4F23C143B601300AC
:201560005F05088091000028D9227071F4F23C0A820491000048D944ADA23B100A506DFFE2
:2015800010E33B8013005F08088091000028D9227051E8223C323B9013005F080880910050
:2015A0000028D9224061E8223C283BA013005F08088091000028D9225061E8223C1E3BB068
:2015C00013005F08088091000028D9226051E8223C143BC013005F08088091000028D92299
:2015E0006061E8223C0A820491000048D944ADA23B800A506DFFD5E23BE013005F090880B9
:2016000091000028D9225041E8423C323BF013005F09088091000028D9227041E8423C28CC
:201620003B0014005F09088091000028D9224051E8423C1E3B1014005F090880910000289A
:20164000D9225051E8423C143B2014005F09088091000028D9226041E8423C0A8204910039
:201660000048D944ADA23BF00A506DFF9AE23B4014007E08910000F8D9FF4081F4CF1D0032
:2016800090003BA014007E08910000F8D9FF5091F4CF1D0086003BB014007E07910000F890
:2016A000D9FF6491F4CF3C7C3B0015007E07910000F8D9FF7891F4CF3C733B1015007E074C
:2016C000910000F8D9FF4CA1F4CF3C6A3B6015007E07910000F8D9FF60A1F4CF3C613BC061
:2016E00015007E07910000F8D9FF74A1F4CF3C583B2016007E07910000F8D9FF48B1F4CF70
:201700003C4F3B8016007E07910000F8D9FF5CB1F4CF3C463BE016007E07910000F8D9FF1E
:2017200070B1F4CF3C3D3BF016007E07910000F8D9FF44C1F4CF3C343B4017007E07910045
:2017400000F8D9FF58C1F4CF3C2B3B6018007E07910000F8D9FF5481F4CF3C223BC01800D4
:201760007E07910000F8D9FF6881F4CF3C193B2019007E07910000F8D9FF7C81F4CF3C101C
:201780003B3019007E04A00FF4CF3C0A820491000048D944ADA23B100C506DFF02E23C018C
:2017A00000900B451088370848406DFFBAA5402C40C46DFF11FA534820F0910000F6D9FF2E
:2017C000142110FF54FF8200370F01F089CF201989C924193C0109CF4218370FE3F16EFCA6
:2017E00040C46DFFF9F9534820F0910000F6D9FF142110FF54FF8210370F01F089CF20198C
:20180000DA0089CF24193C0109CF4218370FE3F16EFC3C0109CF41186F3FFE7FBBF0FFFF24
:2018200089CF141909CF10293C01370F68203C0100900B541088404C026A370948406DFF17
:2018400070A5402D40D46DFFC7F9534920F0910000F6D9FF142110FF54F082013710010068
:2018600089D0201989D824193C0109D042183700E3F16EFC40D46DFFAFF9DF1A0F80534907
:2018800020F0910000F6D9FF142110FF54FF8210370F01F089DF2019DA0089DF24193C011C
:2018A00009DF4218370FE3F16EFC09DF10293C0134CFB01CC2FADF0AE2FF3C0109DF411831
:2018C0006F3FFE7FBBF0FFFF89DF141900900248404C0259370848406DFF23A5534820F038
:2018E000910000F6D9FF142110FF54F08201371001008920201909C0C008BB00F01F2610C3
:201900008680892024193C01092F42181607EEFDDF190F80534820F0910000F6D9FF14213E
:2019200010FF54FF8210370F01F0892F201909CFC00816FFB02C892F24193C01092F421836
:201940001607EEFDC2F9DF09D8FF3C01092F41186F3FFE7FBBF0FFFF892F14190090024F9D
:201960000258370F48406DFFDCA4534F20F0910000F6D9FF142110FF54FF8210370F01F0E2
:20198000892F2019892824193C01092F42181607EEFD3C01092F41186F3FFE7FBBF0FFFFEF
:2019A000892F141900900B451088026A370848406DFFB7A4402C534820F0910000F6D9FF5A
:2019C000142110FF54FF8200370F01F089CF201940C46DFF01F989C924193C0109CF4218BE
:2019E0001607EEFD534820F0910000F6D9FF142110FF54FF8210370F01F089CF201989CA91
:201A000024193C0109CF42181607EEFD3C0109CF41186F3FFE7FBBF0FFFF89CF14190090BB
:201A2000A002DA003E48DA013E4BDA023E4EDA03BE413C1591000026D92228213C109100D3
:201A40000026D92214413C0B91000026D92200613C0691000026D9222C713C013C0100901B
:201A600020200B4510A80B7610884DC0E2FF370FE1F78B0F20C23C010D00400300003C01B3
:201A80003C01370A48406DFFEA9191000046D944189140256DFFAD9502A46D00C50202A429
:201AA0006D005403910000F6D9FF1891DA0889FF2C08910000F6D9FF1891DA04ACF49100A5
:201AC00000F6D9FF18914B0B61F16CF1910000F6D9FF1891DA072CFAA00FF4AFA00FF8047E
:201AE00049A4180A49A5080A0BA9104802866D002800DA102CACDA8089AF1C08DA0089AF24
:201B00001D08910000F6D9FF189149A2000AE8A202A46DFF87FF91000056D955189140245F
:201B20006DFF2D93820502A46D00C901820502A46D00960302CF6E030D0000030090DA0026
:201B40003E4CDA015F4F4000DA025F4FC600DA035F4F27011D008901F658910000F8D9FFD9
:201B60000C1080FF744F3C1CDF150980910000F8D9FF1C1080FF744F3C13DF2509809100F6
:201B800000F8D9FF2C1080FF744F3C0ADF350980910000F8D9FF3C1080FF744F3C01F6688A
:201BA000910000F8D9FF2C0080FF745F3C0ADF160980910000F8D9FF3C0080FF745F3C0156
:201BC0001D005401DF450980910000F8D9FF2C3080FF744F3C49DF550980910000F8D9FF44
:201BE0003C3080FF744F3C40DF650980910000F8D9FF0C4080FF744F3C37DF75098091001E
:201C000000F8D9FF1C4080FF744F3C2EDA087E58910000F8D9FF2C4080FF744F3C25DA09E1
:201C20007E58910000F8D9FF3C4080FF744F3C1CDA0A7E58910000F8D9FF0C5080FF744F9E
:201C40003C13DA0B7E58910000F8D9FF1C5080FF744F3C0ADA0C7E58910000F8D9FF2C508C
:201C600080FF744F3C01DF460980910000F8D9FF0C2080FF745F3C2EDF560980910000F8A7
:201C8000D9FF1C2080FF745F3C25DF660980910000F8D9FF2C2080FF745F3C1CDF360980BA
:201CA000910000F8D9FF3C2080FF745F3C13DF760980910000F8D9FF0C3080FF745F3C0AB3
:201CC000DF260980910000F8D9FF1C3080FF745F3C011D00CB00DA0D7E58910000F8D9FF34
:201CE0000C7080FF744F3C2EDA0E7E58910000F8D9FF1C7080FF744F3C25DA0F7E5891001E
:201D000000F8D9FF2C7080FF744F3C1CDA107E58910000F8D9FF3C7080FF744F3C13DA1174
:201D20007E58910000F8D9FF0C8080FF744F3C0ADA127E58910000F8D9FF1C8080FF744F57
:201D40003C01DA0B7E68910000F8D9FF3C5080FF745F3C25DA097E68910000F8D9FF0C6045
:201D600080FF745F3C1CDA0A7E68910000F8D9FF1C6080FF745F3C13DA0C7E68910000F81C
:201D8000D9FF2C6080FF745F3C0ADA087E68910000F8D9FF3C6080FF745F3C013C66DA1364
:201DA0007E58910000F8D9FF2C9080FF744F3C37DA147E58910000F8D9FF3C9080FF744F48
:201DC0003C2EDA157E58910000F8D9FF0CA080FF744F3C25DA167E58910000F8D9FF1CA041
:201DE00080FF744F3C1CDA177E58910000F8D9FF2CA080FF744F3C13DA187E58910000F873
:201E0000D9FF3CA080FF744F3C0ADA197E58910000F8D9FF0CB080FF744F3C01DA0E7E6853
:201E2000910000F8D9FF2C8080FF745F3C1CDA0F7E68910000F8D9FF3C8080FF745F3C135E
:201E4000DA0D7E68910000F8D9FF0C9080FF745F3C0ADA107E68910000F8D9FF1C9080FFC4
:201E6000745F3C013C023C010090404F82086DFFD9FDD424094F5208161F3C016E07D42463
:201E8000821440F56DFF7490821802823C0100902008DA0034AF6DFFC5FD3C01D42F09FFC1
:201EA0005208161F3C016EFBD42449A5000A82146DFF5E9014A23C0100900258910000F6A9
:201EC000D9FF1891D4FF370448406DFFC88F91000046D944189140256DFF8B9340F46DFFFC
:201EE0002E90370868F06E03DA013C02DA0009F0431837F001F289FF031876850C21960456
:201F00002C213C050C21B70F01F12C21009020200B4510A80B7610884DC0E2FF370FE1F704
:201F20008B0F20C23C010D00400300003C013C01370A48406DFF938F91000046D94418912A
:201F400040256DFF569302A46D006E0002A46D00FD00910000F6D9FF1891DA0889FF2C0890
:201F6000910000F6D9FF1891DA04ACF4910000F6D9FF18914B0B61F16CF1910000F6D9FF6F
:201F80001891DA072CFA910000F6D9FF1891DA0289FF1108910000F6D9FF1891DA0089FFA2
:201FA0001408910000F6D9FF1891DA0789FF1508910000F6D9FF1891DA0189FF1608A00F3F
:201FC000F4AFA00FF80449A4180A49A5080A0BA9104802866DFFB5FDDA102CACDA8089AF9E
:201FE0001C08DA0089AF1D08910000F6D9FF189149A2000AE8A202A46DFF14FD91000056F5
:20200000D955189140246DFFBA90821502A46DFF56FF820502A46D00230102CF6E030D00C4
:2020200000030090DA003E4CDA015F4F2B00DA025F4F4900DA035F4F67001D0086009100FC
:2020400000F6D9FF189191000026D9222C31E8C2910000F6D9FF189191000026D922043161
:20206000E8E2910000F6D9FF1891DA0189FFAE08910000F6D9FF1891DA0189FFB4083C64AE
:20208000910000F6D9FF189191000026D9221851E8C2910000F6D9FF189191000026D922B9
:2020A0003041E8E2910000F6D9FF1891DA0189FFAE08910000F6D9FF1891DA0189FFB4089D
:2020C0003C43910000F6D9FF189191000026D9220471E8C2910000F6D9FF189191000026E9
:2020E000D9221C61E8E2910000F6D9FF1891DA0189FFAE08910000F6D9FF1891DA0189FF12
:20210000B4083C22910000F6D9FF189191000026D9223081E8C2910000F6D9FF18919100F7
:202120000026D9220881E8E2910000F6D9FF1891DA0189FFAE08910000F6D9FF1891DA0127
:2021400089FFB4083C010090DA003E4BDA015F4F2600DA025F4F4000DA035F4F5A003C75FC
:20216000910000F6D9FF1891DA0B89FFA008910000F6D9FF1891DA0A89FFA208910000F69D
:20218000D9FF1891DA0C89FFA408910000F6D9FF1891DA0089FF26083C61910000F6D9FF10
:2021A0001891DA0D89FFA008910000F6D9FF1891DA0E89FFA208910000F6D9FF1891DA0F4C
:2021C00089FFA408910000F6D9FF1891DA0089FF26083C44910000F6D9FF1891DA3289FF17
:2021E000A008910000F6D9FF1891DA1189FFA208910000F6D9FF1891DA1289FFA408910059
:2022000000F6D9FF1891DA0189FF26083C27910000F6D9FF1891DA1389FFA008910000F6A7
:20222000D9FF1891DA1489FFA208910000F6D9FF1891DA1589FFA408910000F6D9FF1891CA
:20224000DA0089FF26083C0A820491000048D94494B23BC006506DFFA4DC0090025891002E
:2022600000F6D9FF1891D4FF370448406DFFF78D91000046D944189140256DFFBA9140F474
:202280006DFF6A8E370868F06E03DA013C02DA0009F0431837F081F389FF031876850C2125
:2022A00096042C213C050C21B70F01F12C210090404F025F6DFFB6FBD42440F502F46DFF98
:2022C0004D8F0090200834A56DFFACFBD42449A5000A82146DFF428F00900248404F3C090D
:2022E00009FF0008B01F370F685002846DFFECFF09FF0008EEF600900AD7A33C00000000E0
:2023000000000000000000006F12833A0C020B3F0AD7A33C00000000000000000000000067
:202320006F12833A0C020B3F0AD7A33C0000000000000000000000006F12833A0C020B3FB1
:20234000340B0060540B0060740B0060000000000000000000000000000000000000000040
:2023600000000000000000000000000000000000000000000000000000000000000000005D
:2023800000000000000000000000000000000000000000000000000000000000000000003D
:2023A00000000000000000000000000000000000000000000000000000000000000000001D
:2023C0000000000000000000000000000000000000000000000000000000000000000000FD
:2023E0000000000000000000000000000000000000000000000000000000000000000000DD
:202400000000000000000000000000000000000000000000000000000000000000000000BC
:2024200000000000000000000000000000000000000000000000000000000000000000009C
:2024400000000000000000000000000000000000000000000000000000000000000000007C
:2024600000000000000000000000000000000000000000000000000000000000000000005C
:2024800000000000000000000000000000000000000000000000000000000000000000003C
:2024A00000000000000000000000000000000000000000000000000000000000000000001C
:2024C0000000000000000000000000000000000000000000000000000000000000000000FC
:2024E0000000000000000000000000000000000000000000000000000000000000000000DC
:202500000000000000000000000000000000000000000000000000000000000000000000BB
:2025200000000000000000000000000000000000000000000000000000000000000000009B
:2025400000000000000000000000000000000000000000000000000000000000000000007B
:202560000000000000000000000000000000000000A601604C0F00604C0F006000000000DE
:2025800050000000090000009C0F00609C0F006000000000500000000A0001000000000071
:2025A0000000000000000000FFFFFFFF060002000000000000000000000000000000000017
:2025C0000000000000000000000000000000000000000000000000000000000000000000FB
:2025E0000000000000000000000000000000000000000000000000000000000000000000DB
:202600000000000000000000000000000000000000000000000000000000000000000000BA
:202620000000000000000000000000000000000000000000000000000000000094F900808D
:2026400094F9008094F9008094F9008094F9008094F90080333333BF030000000041E803B2
:2026600000000000000000000000000000000000000000000000000000000000000000005A
:20268000002D310100000000000000000000000000000000000000000000000000000000DB
:2026A00000000000000000000000000000000000000000000000000000000000000000001A
:2026C0000000000000000000000000000000000000000000000000000000000000000000FA
:2026E0000000000000000000000000000000000000000000000000000000000000000000DA
:202700000000000000000000000000000000000000000000000000000000000000000000B9
:20272000000000000000000000000000000000000000000000000000000000000000000099
:20274000000000000000000000000000000000000000000000000000000000000000000079
:20276000000000000000000000000000000000000000000000000000000000000000000059
:20278000000000000000000000000000000000000000000000000000000000000000000039
:2027A000000000000000000000000000000000000000000000000000000000000000000019
:2027C0000000000000000000000000000000000000000000000000000000000000000000F9
:2027E0000000000000000000000000000000000000000000000000000000000000000000D9
:202800000000000000000000000000000000000000000000000000000000000000000000B8
:20282000000000000000000000000000000000000000000000000000000000000000000098
:20284000000000000000000000000000000000000000000000000000000000000000000078
:20286000000000000000000000000000000000000000000000000000000000000000000058
:20288000000000000000000000000000000000000000000000000000000000000000000038
:2028A000000000000000000000000000000000000000000000000000000000000000000018
:2028C0000000000000000000000000000000000000000000000000000000000000000000F8
:2028E0000000000000000000000000000000000000000000000000000000000000000000D8
:202900000000000000000000000000000000000000000000000000000000000000000000B7
:20292000000000000000000000000000000000000000000000000000000000000000000097
:20294000000000000000000000000000000000000000000000000000000000000000000077
:20296000000000000000000000000000000000000000000000000000000000000000000057
:20298000000000000000000000000000000000000000000000000000000000000000000037
:2029A000000000000000000000000000000000000000000000000000000000000000000017
:2029C0000000000000000000000000000000000000000000000000000000000000000000F7
:2029E0000000000000000000000000000000000000000000000000000000000000000000D7
:202A00000000000000000000000000000000000000000000000000000000000000000000B6
:202A2000000000000000000000000000000000000000000000000000000000000000000096
:202A4000000000000000000000000000000000000000000000000000000000000000000076
:202A6000000000000000000000000000000000000000000000000000000000000000000056
:202A8000000000000000000000000000000000000000000000000000000000000000000036
:202AA000000000000000000000000000000000000000000000000000000000000000000016
:202AC0000000000000000000000000000000000000000000000000000000000000000000F6
:202AE0000000000000000000000000000000000000000000000000000000000000000000D6
:202B00000000000000000000000000000000000000000000000000000000000000000000B5
:202B2000000000000000000000000000000000000000000000000000000000000000000095
:202B4000000000000000000000000000000000000000000000000000000000000000000075
:202B6000000000000000000000000000000000000000000000000000000000000000000055
:202B8000000000000000000000000000000000000000000000000000000000000000000035
:202BA000000000000000000000000000000000000000000000000000000000000000000015
:202BC0000000000000000000000000000000000000000000000000000000000000000000F5
:202BE0000000000000000000000000000000000000000000000000000000000000000000D5
:202C00000000000000000000000000000000000000000000000000000000000000000000B4
:202C2000000000000000000000000000000000000000000000000000000000000000000094
:202C4000000000000000000000000000000000000000000000000000000000000000000074
:202C6000000000000000000000000000000000000000000000000000000000000000000054
:202C8000000000000000000000000000000000000000000000000000000000000000000034
:202CA000000000000000000000000000000000000000000000000000000000000000000014
:202CC0000050C347CDCCCC3DCDCCCC3DCDCCCC3DCDCCCC3DCDCCCC3DCDCCCC3D0050C34774
:202CE000CDCCCC3DCDCCCC3DCDCCCC3DCDCCCC3DCDCCCC3DCDCCCC3D0050C347CDCCCC3D0C
:202D0000CDCCCC3DCDCCCC3DCDCCCC3DCDCCCC3DCDCCCC3D0050C347CDCCCC3DCDCCCC3DEB
:202D2000CDCCCC3DCDCCCC3DCDCCCC3DCDCCCC3D0000C842CDCCCC3DCDCCCC3DCDCCCC3D1B
:202D4000CDCCCC3DCDCCCC3DCDCCCC3D0000C84200000000F401AE47C13F00000000000099
:202D600000000000000000108045CDCC644100000000000000000000000000000000000040
:202D8000000000000000FFFF800000F8A0000000000000000001000000000000000000001C
:202DA000000000000100000100000000000000000000000000000000000000000000000011
:052DC00000000001010C
:0D2DC60058020000000000000101010100A2
:202DD4000100000000000060922D0180010000000100000004000060F822018054000000E9
:202DF4000100000058000060542601800600000001000000600000605A260180040000003F
:202E14000100000064000060932D0180010000000100000068000060942D0180010000008B
:202E3400010000006C000060952D01800100000001000000700000605E2601800200000095
:202E54000100000074000060962D0180010000000100000078000060972D01800100000025
:202E7400010000007C000060982D018001000000010000008000006060260180180000001A
:202E94000100000098000060992D018001000000010000009C0000609A2D01800100000097
:202EB40001000000A0000060782601800C00000001000000AC0000609B2D0180010000007B
:202ED40001000000B0000060842601803402000001000000E40200609C2D018003000000D8
:202EF40001000000E8020060B82801807C02000001000000640500609F2D0180030000007A
:202F14000100000068050060342B01801C02000001000000840700604C23018024020000CF
:202F340001000000A8090060A22D01800100000001000000AC090060502D01800600000000
:202F540001000000B4090060562D01800400000001000000B809006070250180CC00000033
:202F740001000000840A0060A32D01800100000001000000880A0060A42D018001000000B6
:202F9400010000008C0A0060A52D01800100000001000000900A00605A2D018002000000CD
:202FB40001000000940A00605C2D01800200000001000000980A00605E2D018002000000E1
:202FD400010000009C0A0060602D01800200000001000000A00A0060622D018002000000A9
:202FF40001000000A40A0060642D01800200000001000000A80A0060662D01800A00000069
:2030140001000000B40A0060702D01800200000001000000B80A0060722D01800200000018
:2030340001000000BC0A0060742D01800200000001000000C00A0060762D018002000000E0
:2030540001000000C40A0060782D01800200000001000000C80A00607A2D01800E0000009C
:2030740001000000D80A0060A62D01800100000001000000DC0A0060A72D01800100000007
:2030940001000000E00A0060882D01800200000001000000E40A00608A2D01800200000010
:2030B40001000000E80A00608C2D01800200000001000000EC0A00603C260180180000001B
:2030D40001000000040B0060A82D01800100000001000000080B00608E2D01800400000061
:2030F400010000000C0B0060A92D01800100000001000000100B0060AA2D018019000000FF
:20311400010000002C0B0060C32D01800100000001000000300B0060C42D01800100000082
:2031340002000000340B006000000000D200000002000000080C0060000000006200000030
:20315400020000006C0C0060000000000200000002000000700C0060000000007E03000020
:2031740002000000F00F006000000000650000000200000058100060000000002900000082
:203194000200000084100060000000002200000002000000A81000600000000041000000A8
:2031B40002000000EC100060000000002500000002000000141100600000000041000000B0
:2031D4000200000058110060000000002500000002000000801100600000000041000000B7
:2031F40002000000C4110060000000002500000002000000EC1100600000000041000000BF
:203214000200000030120060000000002500000002000000581200600000000040000000C5
:203234000100000000000070CC2D0180010000000100000004000070CD2D0180010000009D
:203254000100000008000070CE2D018001000000010000000C000070CF2D01800100000069
:203274000100000010000070D02D0180010000000100000014000070D12D01800100000035
:203294000100000018000070D22D018001000000010000001C000070C62D0180020000000D
:2032B4000100000020000070C82D0180020000000100000024000070CA2D018002000000E2
:1032D40000000000000000000000000000000000EA
:02000004800278
:2000000000000000700059B30000000000000000000000000000000064B81E799B47E18668
:02000004800F6B
:0A414000911000E8D9EE1C5DDC0EC2
:0A416000911000E8D9EE305DDC0E8E
:0A418000911000E8D9EE005DDC0E9E
:0A41A000911000E8D9EE305DDC0E4E
:0A41C000911000E8D9EE305DDC0E2E
:0A41E000911000E8D9EE006DDC0E2E
:0A422000911000E8D9EE386DDC0EB5
:0A424000911000E8D9EE1C6DDC0EB1
:0A426000911000E8D9EE305DDC0E8D
:0A428000911000E8D9EE287DDC0E55
:0A42A000911000E8D9EE0C7DDC0E51
:0A43C000911000E8D9EEC8FCDC0EF5
:0A43E000911000E8D9EE140DDC0E78
:0A440000911000E8D9EE3A0DDC0E31
:0A442000911000E8D9EE1C1DDC0E1F
:0A450000911000E8D9EE1C2DDC0E2E
:0A452000911000E8D9EE0C3DDC0E0E
:0A456000911000E8D9EE064DDC0EC4
:0A464000911000E8D9EE305DDC0EA9
:0A478000911000E8D9EE3E1DDC0E9A
:0A5B8000911000E8D9EE86EFDC0E6C
:0A5BA000911000E8D9EEACEFDC0E26
:040000058000002057
:00000001FF
